brood_ID,species,population,collection,female_ID,fresh_or_etoh-preserved,brood_size,sample_storage,ovary_tissue_included,embryo_ID,stage,embryo_dry_weight_g,ovarian_tissue_dry_weight_g,comments,mother_std_length,mother_total_wet_mass,mother_no_ovary_wet_mass,mother_origin
TETIxCHIC_III-2023_F3,Xmalinche,TETIxCHIC,III-2023,3,fresh,7,2ml etoh,yes,1,35,0.0038,0.0028,"early 35, slight pectoral pigment",4,1.64,1.51,lab
TETIxCHIC_III-2023_F3,Xmalinche,TETIxCHIC,III-2023,3,fresh,7,2ml etoh,yes,2,35,0.0037,0.0028,"early 35, slight pectoral pigment",4,1.64,1.51,lab
TETIxCHIC_III-2023_F3,Xmalinche,TETIxCHIC,III-2023,3,fresh,7,2ml etoh,yes,3,0,0.0045,0.0028,even lipid distribution,4,1.64,1.51,lab
TETIxCHIC_III-2023_F3,Xmalinche,TETIxCHIC,III-2023,3,fresh,7,2ml etoh,yes,4,0,0.0043,0.0028,even lipid distribution,4,1.64,1.51,lab
TETIxCHIC_III-2023_F3,Xmalinche,TETIxCHIC,III-2023,3,fresh,7,2ml etoh,yes,5,0,0.005,0.0028,even lipid distribution,4,1.64,1.51,lab
TETIxCHIC_III-2023_F3,Xmalinche,TETIxCHIC,III-2023,3,fresh,7,2ml etoh,yes,6,0,0.0043,0.0028,even lipid distribution,4,1.64,1.51,lab
TETIxCHIC_III-2023_F3,Xmalinche,TETIxCHIC,III-2023,3,fresh,7,2ml etoh,yes,7,0,0.0047,0.0028,even lipid distribution,4,1.64,1.51,lab
TETIxCHIC_III-2023_F4,Xmalinche,TETIxCHIC,III-2023,4,fresh,23,2ml etoh,yes,1,0,0.0048,0.0111,even lipid distribution,4.3,2.14,1.83,lab
TETIxCHIC_III-2023_F4,Xmalinche,TETIxCHIC,III-2023,4,fresh,23,2ml etoh,yes,2,0,0.0048,0.0111,even lipid distribution,4.3,2.14,1.83,lab
TETIxCHIC_III-2023_F4,Xmalinche,TETIxCHIC,III-2023,4,fresh,23,2ml etoh,yes,3,0,0.004,0.0111,even lipid distribution,4.3,2.14,1.83,lab
TETIxCHIC_III-2023_F4,Xmalinche,TETIxCHIC,III-2023,4,fresh,23,2ml etoh,yes,4,0,0.0044,0.0111,even lipid distribution,4.3,2.14,1.83,lab
TETIxCHIC_III-2023_F4,Xmalinche,TETIxCHIC,III-2023,4,fresh,23,2ml etoh,yes,5,0,0.005,0.0111,even lipid distribution,4.3,2.14,1.83,lab
TETIxCHIC_III-2023_F4,Xmalinche,TETIxCHIC,III-2023,4,fresh,23,2ml etoh,yes,6,0,0.0051,0.0111,even lipid distribution,4.3,2.14,1.83,lab
TETIxCHIC_III-2023_F4,Xmalinche,TETIxCHIC,III-2023,4,fresh,23,2ml etoh,yes,7,0,0.0026,0.0111,even lipid distribution,4.3,2.14,1.83,lab
TETIxCHIC_III-2023_F4,Xmalinche,TETIxCHIC,III-2023,4,fresh,23,2ml etoh,yes,8,0,0.0025,0.0111,even lipid distribution,4.3,2.14,1.83,lab
TETIxCHIC_III-2023_F4,Xmalinche,TETIxCHIC,III-2023,4,fresh,23,2ml etoh,yes,9,0,0.0032,0.0111,even lipid distribution,4.3,2.14,1.83,lab
TETIxCHIC_III-2023_F4,Xmalinche,TETIxCHIC,III-2023,4,fresh,23,2ml etoh,yes,10,0,0.0023,0.0111,even lipid distribution,4.3,2.14,1.83,lab
TETIxCHIC_III-2023_F4,Xmalinche,TETIxCHIC,III-2023,4,fresh,23,2ml etoh,yes,11,0,0.0032,0.0111,even lipid distribution,4.3,2.14,1.83,lab
TETIxCHIC_III-2023_F4,Xmalinche,TETIxCHIC,III-2023,4,fresh,23,2ml etoh,yes,12,0,0.0044,0.0111,even lipid distribution,4.3,2.14,1.83,lab
TETIxCHIC_III-2023_F4,Xmalinche,TETIxCHIC,III-2023,4,fresh,23,2ml etoh,yes,13,0,0.0043,0.0111,even lipid distribution,4.3,2.14,1.83,lab
TETIxCHIC_III-2023_F4,Xmalinche,TETIxCHIC,III-2023,4,fresh,23,2ml etoh,yes,14,0,0.0035,0.0111,even lipid distribution,4.3,2.14,1.83,lab
TETIxCHIC_III-2023_F4,Xmalinche,TETIxCHIC,III-2023,4,fresh,23,2ml etoh,yes,15,0,0.0032,0.0111,even lipid distribution,4.3,2.14,1.83,lab
TETIxCHIC_III-2023_F4,Xmalinche,TETIxCHIC,III-2023,4,fresh,23,2ml etoh,yes,16,0,0.0042,0.0111,even lipid distribution,4.3,2.14,1.83,lab
TETIxCHIC_III-2023_F4,Xmalinche,TETIxCHIC,III-2023,4,fresh,23,2ml etoh,yes,17,0,0.0035,0.0111,even lipid distribution,4.3,2.14,1.83,lab
TETIxCHIC_III-2023_F4,Xmalinche,TETIxCHIC,III-2023,4,fresh,23,2ml etoh,yes,18,0,0.0046,0.0111,even lipid distribution,4.3,2.14,1.83,lab
TETIxCHIC_III-2023_F4,Xmalinche,TETIxCHIC,III-2023,4,fresh,23,2ml etoh,yes,19,0,0.0051,0.0111,even lipid distribution,4.3,2.14,1.83,lab
TETIxCHIC_III-2023_F4,Xmalinche,TETIxCHIC,III-2023,4,fresh,23,2ml etoh,yes,20,0,0.0043,0.0111,even lipid distribution,4.3,2.14,1.83,lab
TETIxCHIC_III-2023_F4,Xmalinche,TETIxCHIC,III-2023,4,fresh,23,2ml etoh,yes,21,0,0.0042,0.0111,even lipid distribution,4.3,2.14,1.83,lab
TETIxCHIC_III-2023_F4,Xmalinche,TETIxCHIC,III-2023,4,fresh,23,2ml etoh,yes,22,0,0.0023,0.0111,even lipid distribution,4.3,2.14,1.83,lab
TETIxCHIC_III-2023_F4,Xmalinche,TETIxCHIC,III-2023,4,fresh,23,2ml etoh,yes,23,0,0.0005,0.0111,even lipid distribution,4.3,2.14,1.83,lab
TETIxCHIC_III-2023_F5,Xmalinche,TETIxCHIC,III-2023,5,fresh,10,2ml etoh,yes,1,25,0.0055,0.0027,"early 25, head pigmentation",3.6,1.18,1,lab
TETIxCHIC_III-2023_F5,Xmalinche,TETIxCHIC,III-2023,5,fresh,10,2ml etoh,yes,2,25,0.0049,0.0027,"early 25, head pigmentation",3.6,1.18,1,lab
TETIxCHIC_III-2023_F5,Xmalinche,TETIxCHIC,III-2023,5,fresh,10,2ml etoh,yes,3,25,0.0051,0.0027,"early 25, head pigmentation",3.6,1.18,1,lab
TETIxCHIC_III-2023_F5,Xmalinche,TETIxCHIC,III-2023,5,fresh,10,2ml etoh,yes,4,25,0.0046,0.0027,"early 25, head pigmentation",3.6,1.18,1,lab
TETIxCHIC_III-2023_F5,Xmalinche,TETIxCHIC,III-2023,5,fresh,10,2ml etoh,yes,5,25,0.005,0.0027,"early 25, head pigmentation",3.6,1.18,1,lab
TETIxCHIC_III-2023_F5,Xmalinche,TETIxCHIC,III-2023,5,fresh,10,2ml etoh,yes,6,25,0.0049,0.0027,"early 25, head pigmentation",3.6,1.18,1,lab
TETIxCHIC_III-2023_F5,Xmalinche,TETIxCHIC,III-2023,5,fresh,10,2ml etoh,yes,7,25,0.0045,0.0027,"early 25, head pigmentation",3.6,1.18,1,lab
TETIxCHIC_III-2023_F5,Xmalinche,TETIxCHIC,III-2023,5,fresh,10,2ml etoh,yes,8,25,0.0048,0.0027,"early 25, head pigmentation",3.6,1.18,1,lab
TETIxCHIC_III-2023_F5,Xmalinche,TETIxCHIC,III-2023,5,fresh,10,2ml etoh,yes,9,25,0.0047,0.0027,"early 25, head pigmentation",3.6,1.18,1,lab
TETIxCHIC_III-2023_F5,Xmalinche,TETIxCHIC,III-2023,5,fresh,10,2ml etoh,yes,10,25,0.0045,0.0027,"early 25, head pigmentation",3.6,1.18,1,lab
TETIxCHIC_III-2023_F7,Xmalinche,TETIxCHIC,III-2023,7,fresh,10,2ml etoh,yes,1,0,0.0043,0.004,even lipid distribution,3.6,1.32,1.17,lab
TETIxCHIC_III-2023_F7,Xmalinche,TETIxCHIC,III-2023,7,fresh,10,2ml etoh,yes,2,0,0.0043,0.004,even lipid distribution,3.6,1.32,1.17,lab
TETIxCHIC_III-2023_F7,Xmalinche,TETIxCHIC,III-2023,7,fresh,10,2ml etoh,yes,3,0,0.0047,0.004,even lipid distribution,3.6,1.32,1.17,lab
TETIxCHIC_III-2023_F7,Xmalinche,TETIxCHIC,III-2023,7,fresh,10,2ml etoh,yes,4,0,0.0045,0.004,even lipid distribution,3.6,1.32,1.17,lab
TETIxCHIC_III-2023_F7,Xmalinche,TETIxCHIC,III-2023,7,fresh,10,2ml etoh,yes,5,0,0.004,0.004,even lipid distribution,3.6,1.32,1.17,lab
TETIxCHIC_III-2023_F7,Xmalinche,TETIxCHIC,III-2023,7,fresh,10,2ml etoh,yes,6,0,0.0048,0.004,even lipid distribution,3.6,1.32,1.17,lab
TETIxCHIC_III-2023_F7,Xmalinche,TETIxCHIC,III-2023,7,fresh,10,2ml etoh,yes,7,0,0.0044,0.004,even lipid distribution,3.6,1.32,1.17,lab
TETIxCHIC_III-2023_F7,Xmalinche,TETIxCHIC,III-2023,7,fresh,10,2ml etoh,yes,8,0,0.0045,0.004,even lipid distribution,3.6,1.32,1.17,lab
TETIxCHIC_III-2023_F7,Xmalinche,TETIxCHIC,III-2023,7,fresh,10,2ml etoh,yes,9,0,0.0042,0.004,even lipid distribution,3.6,1.32,1.17,lab
TETIxCHIC_III-2023_F7,Xmalinche,TETIxCHIC,III-2023,7,fresh,10,2ml etoh,yes,10,0,0.0045,0.004,even lipid distribution,3.6,1.32,1.17,lab
TETIxCHIC_III-2023_F8,Xmalinche,TETIxCHIC,III-2023,8,fresh,11,2ml etoh,yes,1,0,0.0055,0.0036,even lipid distribution,3.7,1.22,1,lab
TETIxCHIC_III-2023_F8,Xmalinche,TETIxCHIC,III-2023,8,fresh,11,2ml etoh,yes,2,0,0.0049,0.0036,even lipid distribution,3.7,1.22,1,lab
TETIxCHIC_III-2023_F8,Xmalinche,TETIxCHIC,III-2023,8,fresh,11,2ml etoh,yes,3,0,0.0051,0.0036,even lipid distribution,3.7,1.22,1,lab
TETIxCHIC_III-2023_F8,Xmalinche,TETIxCHIC,III-2023,8,fresh,11,2ml etoh,yes,4,0,0.0053,0.0036,even lipid distribution,3.7,1.22,1,lab
TETIxCHIC_III-2023_F8,Xmalinche,TETIxCHIC,III-2023,8,fresh,11,2ml etoh,yes,5,0,0.005,0.0036,even lipid distribution,3.7,1.22,1,lab
TETIxCHIC_III-2023_F8,Xmalinche,TETIxCHIC,III-2023,8,fresh,11,2ml etoh,yes,6,0,0.0051,0.0036,even lipid distribution,3.7,1.22,1,lab
TETIxCHIC_III-2023_F8,Xmalinche,TETIxCHIC,III-2023,8,fresh,11,2ml etoh,yes,7,0,0.0056,0.0036,even lipid distribution,3.7,1.22,1,lab
TETIxCHIC_III-2023_F8,Xmalinche,TETIxCHIC,III-2023,8,fresh,11,2ml etoh,yes,8,0,0.0055,0.0036,even lipid distribution,3.7,1.22,1,lab
TETIxCHIC_III-2023_F8,Xmalinche,TETIxCHIC,III-2023,8,fresh,11,2ml etoh,yes,9,0,0.0048,0.0036,even lipid distribution,3.7,1.22,1,lab
TETIxCHIC_III-2023_F8,Xmalinche,TETIxCHIC,III-2023,8,fresh,11,2ml etoh,yes,10,0,0.0056,0.0036,even lipid distribution,3.7,1.22,1,lab
TETIxCHIC_III-2023_F8,Xmalinche,TETIxCHIC,III-2023,8,fresh,11,2ml etoh,yes,11,0,0.0049,0.0036,even lipid distribution,3.7,1.22,1,lab
TETIxCHIC_III-2023_F9,Xmalinche,TETIxCHIC,III-2023,9,fresh,9,2ml etoh,yes,1,0,0.0043,0.003,even lipid distribution,3.8,1.44,1.31,lab
TETIxCHIC_III-2023_F9,Xmalinche,TETIxCHIC,III-2023,9,fresh,9,2ml etoh,yes,2,0,0.0041,0.003,even lipid distribution,3.8,1.44,1.31,lab
TETIxCHIC_III-2023_F9,Xmalinche,TETIxCHIC,III-2023,9,fresh,9,2ml etoh,yes,3,0,0.0042,0.003,even lipid distribution,3.8,1.44,1.31,lab
TETIxCHIC_III-2023_F9,Xmalinche,TETIxCHIC,III-2023,9,fresh,9,2ml etoh,yes,4,0,0.0042,0.003,even lipid distribution,3.8,1.44,1.31,lab
TETIxCHIC_III-2023_F9,Xmalinche,TETIxCHIC,III-2023,9,fresh,9,2ml etoh,yes,5,0,0.0039,0.003,even lipid distribution,3.8,1.44,1.31,lab
TETIxCHIC_III-2023_F9,Xmalinche,TETIxCHIC,III-2023,9,fresh,9,2ml etoh,yes,6,0,0.0038,0.003,even lipid distribution,3.8,1.44,1.31,lab
TETIxCHIC_III-2023_F9,Xmalinche,TETIxCHIC,III-2023,9,fresh,9,2ml etoh,yes,7,0,0.0043,0.003,even lipid distribution,3.8,1.44,1.31,lab
TETIxCHIC_III-2023_F9,Xmalinche,TETIxCHIC,III-2023,9,fresh,9,2ml etoh,yes,8,0,0.0043,0.003,even lipid distribution,3.8,1.44,1.31,lab
TETIxCHIC_III-2023_F9,Xmalinche,TETIxCHIC,III-2023,9,fresh,9,2ml etoh,yes,9,0,0.0041,0.003,even lipid distribution,3.8,1.44,1.31,lab
TETIxCHIC_III-2023_F12,Xmalinche,TETIxCHIC,III-2023,12,fresh,10,2ml etoh,yes,1,0,0.003,0.0024,even lipid distribution,3.9,1.46,1.32,lab
TETIxCHIC_III-2023_F12,Xmalinche,TETIxCHIC,III-2023,12,fresh,10,2ml etoh,yes,2,0,0.003,0.0024,even lipid distribution,3.9,1.46,1.32,lab
TETIxCHIC_III-2023_F12,Xmalinche,TETIxCHIC,III-2023,12,fresh,10,2ml etoh,yes,3,0,0.0043,0.0024,even lipid distribution,3.9,1.46,1.32,lab
TETIxCHIC_III-2023_F12,Xmalinche,TETIxCHIC,III-2023,12,fresh,10,2ml etoh,yes,4,0,0.0033,0.0024,even lipid distribution,3.9,1.46,1.32,lab
TETIxCHIC_III-2023_F12,Xmalinche,TETIxCHIC,III-2023,12,fresh,10,2ml etoh,yes,5,0,0.004,0.0024,even lipid distribution,3.9,1.46,1.32,lab
TETIxCHIC_III-2023_F12,Xmalinche,TETIxCHIC,III-2023,12,fresh,10,2ml etoh,yes,6,0,0.0038,0.0024,even lipid distribution,3.9,1.46,1.32,lab
TETIxCHIC_III-2023_F12,Xmalinche,TETIxCHIC,III-2023,12,fresh,10,2ml etoh,yes,7,0,0.0035,0.0024,even lipid distribution,3.9,1.46,1.32,lab
TETIxCHIC_III-2023_F12,Xmalinche,TETIxCHIC,III-2023,12,fresh,10,2ml etoh,yes,8,0,0.0019,0.0024,even lipid distribution,3.9,1.46,1.32,lab
TETIxCHIC_III-2023_F12,Xmalinche,TETIxCHIC,III-2023,12,fresh,10,2ml etoh,yes,9,0,0.0042,0.0024,even lipid distribution,3.9,1.46,1.32,lab
TETIxCHIC_III-2023_F12,Xmalinche,TETIxCHIC,III-2023,12,fresh,10,2ml etoh,yes,10,0,0.0036,0.0024,even lipid distribution,3.9,1.46,1.32,lab
TETI2_III-2022_F1,Xmalinche,TETI2,III-2022,1,etoh,18,2ml etoh,yes,1,30,0.0041,0.0023,caudal pigments,4.3,1.68,1.28,wild
TETI2_III-2022_F1,Xmalinche,TETI2,III-2022,1,etoh,18,2ml etoh,yes,2,30,0.0041,0.0023,#1,4.3,1.68,1.28,wild
TETI2_III-2022_F1,Xmalinche,TETI2,III-2022,1,etoh,18,2ml etoh,yes,3,30,0.0039,0.0023,#1,4.3,1.68,1.28,wild
TETI2_III-2022_F1,Xmalinche,TETI2,III-2022,1,etoh,18,2ml etoh,yes,4,30,0.0037,0.0023,#1,4.3,1.68,1.28,wild
TETI2_III-2022_F1,Xmalinche,TETI2,III-2022,1,etoh,18,2ml etoh,yes,5,35,0.0039,0.0023,"early 35, slight pecotral pigments",4.3,1.68,1.28,wild
TETI2_III-2022_F1,Xmalinche,TETI2,III-2022,1,etoh,18,2ml etoh,yes,6,30,0.0043,0.0023,#1,4.3,1.68,1.28,wild
TETI2_III-2022_F1,Xmalinche,TETI2,III-2022,1,etoh,18,2ml etoh,yes,7,30,0.0042,0.0023,#1,4.3,1.68,1.28,wild
TETI2_III-2022_F1,Xmalinche,TETI2,III-2022,1,etoh,18,2ml etoh,yes,8,30,0.0043,0.0023,#1,4.3,1.68,1.28,wild
TETI2_III-2022_F1,Xmalinche,TETI2,III-2022,1,etoh,18,2ml etoh,yes,9,30,0.0041,0.0023,#1,4.3,1.68,1.28,wild
TETI2_III-2022_F1,Xmalinche,TETI2,III-2022,1,etoh,18,2ml etoh,yes,10,30,0.0038,0.0023,#1,4.3,1.68,1.28,wild
TETI2_III-2022_F1,Xmalinche,TETI2,III-2022,1,etoh,18,2ml etoh,yes,11,30,0.0046,0.0023,#1,4.3,1.68,1.28,wild
TETI2_III-2022_F1,Xmalinche,TETI2,III-2022,1,etoh,18,2ml etoh,yes,12,30,0.0044,0.0023,#1,4.3,1.68,1.28,wild
TETI2_III-2022_F1,Xmalinche,TETI2,III-2022,1,etoh,18,2ml etoh,yes,13,30,0.0033,0.0023,#1,4.3,1.68,1.28,wild
TETI2_III-2022_F1,Xmalinche,TETI2,III-2022,1,etoh,18,2ml etoh,yes,14,30,0.0039,0.0023,#1,4.3,1.68,1.28,wild
TETI2_III-2022_F1,Xmalinche,TETI2,III-2022,1,etoh,18,2ml etoh,yes,15,30,0.0036,0.0023,#1,4.3,1.68,1.28,wild
TETI2_III-2022_F1,Xmalinche,TETI2,III-2022,1,etoh,18,2ml etoh,yes,16,30,0.0037,0.0023,#1,4.3,1.68,1.28,wild
TETI2_III-2022_F1,Xmalinche,TETI2,III-2022,1,etoh,18,2ml etoh,yes,17,30,0.0037,0.0023,#1,4.3,1.68,1.28,wild
TETI2_III-2022_F1,Xmalinche,TETI2,III-2022,1,etoh,18,2ml etoh,yes,18,35,0.0036,0.0023,#5,4.3,1.68,1.28,wild
TETI2_III-2022_F2,Xmalinche,TETI2,III-2022,2,etoh,15,2ml etoh,yes,1,0,0.002,3.00E-04,even lipids,3.5,0.91,0.77,wild
TETI2_III-2022_F2,Xmalinche,TETI2,III-2022,2,etoh,15,2ml etoh,yes,2,0,0.002,3.00E-04,#1,3.5,0.91,0.77,wild
TETI2_III-2022_F2,Xmalinche,TETI2,III-2022,2,etoh,15,2ml etoh,yes,3,0,0.0028,3.00E-04,#1,3.5,0.91,0.77,wild
TETI2_III-2022_F2,Xmalinche,TETI2,III-2022,2,etoh,15,2ml etoh,yes,4,0,0.0027,3.00E-04,#1,3.5,0.91,0.77,wild
TETI2_III-2022_F2,Xmalinche,TETI2,III-2022,2,etoh,15,2ml etoh,yes,5,0,0.0033,3.00E-04,#1,3.5,0.91,0.77,wild
TETI2_III-2022_F2,Xmalinche,TETI2,III-2022,2,etoh,15,2ml etoh,yes,6,0,0.0033,3.00E-04,#1,3.5,0.91,0.77,wild
TETI2_III-2022_F2,Xmalinche,TETI2,III-2022,2,etoh,15,2ml etoh,yes,7,0,0.0025,3.00E-04,#1,3.5,0.91,0.77,wild
TETI2_III-2022_F2,Xmalinche,TETI2,III-2022,2,etoh,15,2ml etoh,yes,8,0,0.0021,3.00E-04,#1,3.5,0.91,0.77,wild
TETI2_III-2022_F2,Xmalinche,TETI2,III-2022,2,etoh,15,2ml etoh,yes,9,0,0.0031,3.00E-04,#1,3.5,0.91,0.77,wild
TETI2_III-2022_F2,Xmalinche,TETI2,III-2022,2,etoh,15,2ml etoh,yes,10,0,0.0029,3.00E-04,#1,3.5,0.91,0.77,wild
TETI2_III-2022_F2,Xmalinche,TETI2,III-2022,2,etoh,15,2ml etoh,yes,11,0,0.0036,3.00E-04,#1,3.5,0.91,0.77,wild
TETI2_III-2022_F2,Xmalinche,TETI2,III-2022,2,etoh,15,2ml etoh,yes,12,0,0.0012,3.00E-04,#1,3.5,0.91,0.77,wild
TETI2_III-2022_F2,Xmalinche,TETI2,III-2022,2,etoh,15,2ml etoh,yes,13,0,0.002,3.00E-04,#1,3.5,0.91,0.77,wild
TETI2_III-2022_F2,Xmalinche,TETI2,III-2022,2,etoh,15,2ml etoh,yes,14,0,0.0028,3.00E-04,#1,3.5,0.91,0.77,wild
TETI2_III-2022_F2,Xmalinche,TETI2,III-2022,2,etoh,15,2ml etoh,yes,15,0,0.0026,3.00E-04,#1,3.5,0.91,0.77,wild
TETI2_III-2022_F3,Xmalinche,TETI2,III-2022,3,etoh,14,2ml etoh,yes,1,25,0.0043,0.0017,"early 25, head pigments",3.5,0.95,0.68,wild
TETI2_III-2022_F3,Xmalinche,TETI2,III-2022,3,etoh,14,2ml etoh,yes,2,20,0.0038,0.0017,eye pigments,3.5,0.95,0.68,wild
TETI2_III-2022_F3,Xmalinche,TETI2,III-2022,3,etoh,14,2ml etoh,yes,3,25,0.0041,0.0017,#1,3.5,0.95,0.68,wild
TETI2_III-2022_F3,Xmalinche,TETI2,III-2022,3,etoh,14,2ml etoh,yes,4,25,0.0043,0.0017,#1,3.5,0.95,0.68,wild
TETI2_III-2022_F3,Xmalinche,TETI2,III-2022,3,etoh,14,2ml etoh,yes,5,20,0.0044,0.0017,#2,3.5,0.95,0.68,wild
TETI2_III-2022_F3,Xmalinche,TETI2,III-2022,3,etoh,14,2ml etoh,yes,6,20,0.0039,0.0017,#2,3.5,0.95,0.68,wild
TETI2_III-2022_F3,Xmalinche,TETI2,III-2022,3,etoh,14,2ml etoh,yes,7,25,0.0041,0.0017,#1,3.5,0.95,0.68,wild
TETI2_III-2022_F3,Xmalinche,TETI2,III-2022,3,etoh,14,2ml etoh,yes,8,25,0.0041,0.0017,#1,3.5,0.95,0.68,wild
TETI2_III-2022_F3,Xmalinche,TETI2,III-2022,3,etoh,14,2ml etoh,yes,9,20,0.0044,0.0017,"eye pigments, part of body missing",3.5,0.95,0.68,wild
TETI2_III-2022_F3,Xmalinche,TETI2,III-2022,3,etoh,14,2ml etoh,yes,10,20,0.0038,0.0017,#2,3.5,0.95,0.68,wild
TETI2_III-2022_F3,Xmalinche,TETI2,III-2022,3,etoh,14,2ml etoh,yes,11,20,0.0037,0.0017,#2,3.5,0.95,0.68,wild
TETI2_III-2022_F3,Xmalinche,TETI2,III-2022,3,etoh,14,2ml etoh,yes,12,20,0.0038,0.0017,#2,3.5,0.95,0.68,wild
TETI2_III-2022_F3,Xmalinche,TETI2,III-2022,3,etoh,14,2ml etoh,yes,13,20,0.0039,0.0017,#2,3.5,0.95,0.68,wild
TETI2_III-2022_F3,Xmalinche,TETI2,III-2022,3,etoh,14,2ml etoh,yes,14,20,0.0037,0.0017,faint eye pigments,3.5,0.95,0.68,wild
TETI2_III-2022_F4,Xmalinche,TETI2,III-2022,4,etoh,12,2ml etoh,yes,1,10,0.0046,0.0011,head and optic cups present,3.4,0.88,0.7,wild
TETI2_III-2022_F4,Xmalinche,TETI2,III-2022,4,etoh,12,2ml etoh,yes,2,0,0.0045,0.0011,even lipids,3.4,0.88,0.7,wild
TETI2_III-2022_F4,Xmalinche,TETI2,III-2022,4,etoh,12,2ml etoh,yes,3,0,0.0044,0.0011,#2,3.4,0.88,0.7,wild
TETI2_III-2022_F4,Xmalinche,TETI2,III-2022,4,etoh,12,2ml etoh,yes,4,0,0.0043,0.0011,#2,3.4,0.88,0.7,wild
TETI2_III-2022_F4,Xmalinche,TETI2,III-2022,4,etoh,12,2ml etoh,yes,5,0,0.0041,0.0011,#2,3.4,0.88,0.7,wild
TETI2_III-2022_F4,Xmalinche,TETI2,III-2022,4,etoh,12,2ml etoh,yes,6,0,0.0043,0.0011,#2,3.4,0.88,0.7,wild
TETI2_III-2022_F4,Xmalinche,TETI2,III-2022,4,etoh,12,2ml etoh,yes,7,0,0.0044,0.0011,#2,3.4,0.88,0.7,wild
TETI2_III-2022_F4,Xmalinche,TETI2,III-2022,4,etoh,12,2ml etoh,yes,8,0,0.0042,0.0011,#2,3.4,0.88,0.7,wild
TETI2_III-2022_F4,Xmalinche,TETI2,III-2022,4,etoh,12,2ml etoh,yes,9,0,0.0043,0.0011,#2,3.4,0.88,0.7,wild
TETI2_III-2022_F4,Xmalinche,TETI2,III-2022,4,etoh,12,2ml etoh,yes,10,0,0.0039,0.0011,#2,3.4,0.88,0.7,wild
TETI2_III-2022_F4,Xmalinche,TETI2,III-2022,4,etoh,12,2ml etoh,yes,11,0,0.0043,0.0011,#2,3.4,0.88,0.7,wild
TETI2_III-2022_F4,Xmalinche,TETI2,III-2022,4,etoh,12,2ml etoh,yes,12,0,0.0044,0.0011,#2,3.4,0.88,0.7,wild
TETI2_III-2022_F5,Xmalinche,TETI2,III-2022,5,etoh,14,2ml etoh,yes,1,25,0.0041,9.00E-04,"early 25, head pigments",3.3,0.88,0.66,wild
TETI2_III-2022_F5,Xmalinche,TETI2,III-2022,5,etoh,14,2ml etoh,yes,2,25,0.0042,9.00E-04,#1,3.3,0.88,0.66,wild
TETI2_III-2022_F5,Xmalinche,TETI2,III-2022,5,etoh,14,2ml etoh,yes,3,25,0.0042,9.00E-04,#1,3.3,0.88,0.66,wild
TETI2_III-2022_F5,Xmalinche,TETI2,III-2022,5,etoh,14,2ml etoh,yes,4,25,0.0043,9.00E-04,#1,3.3,0.88,0.66,wild
TETI2_III-2022_F5,Xmalinche,TETI2,III-2022,5,etoh,14,2ml etoh,yes,5,25,0.0043,9.00E-04,#1,3.3,0.88,0.66,wild
TETI2_III-2022_F5,Xmalinche,TETI2,III-2022,5,etoh,14,2ml etoh,yes,6,20,0.0044,9.00E-04,eye pigments,3.3,0.88,0.66,wild
TETI2_III-2022_F5,Xmalinche,TETI2,III-2022,5,etoh,14,2ml etoh,yes,7,25,0.0043,9.00E-04,#1,3.3,0.88,0.66,wild
TETI2_III-2022_F5,Xmalinche,TETI2,III-2022,5,etoh,14,2ml etoh,yes,8,25,0.0043,9.00E-04,#1,3.3,0.88,0.66,wild
TETI2_III-2022_F5,Xmalinche,TETI2,III-2022,5,etoh,14,2ml etoh,yes,9,20,0.0038,9.00E-04,#6,3.3,0.88,0.66,wild
TETI2_III-2022_F5,Xmalinche,TETI2,III-2022,5,etoh,14,2ml etoh,yes,10,20,0.0037,9.00E-04,#6,3.3,0.88,0.66,wild
TETI2_III-2022_F5,Xmalinche,TETI2,III-2022,5,etoh,14,2ml etoh,yes,11,20,0.0039,9.00E-04,#6,3.3,0.88,0.66,wild
TETI2_III-2022_F5,Xmalinche,TETI2,III-2022,5,etoh,14,2ml etoh,yes,12,20,0.0039,9.00E-04,#6,3.3,0.88,0.66,wild
TETI2_III-2022_F5,Xmalinche,TETI2,III-2022,5,etoh,14,2ml etoh,yes,13,25,0.0043,9.00E-04,#1,3.3,0.88,0.66,wild
TETI2_III-2022_F5,Xmalinche,TETI2,III-2022,5,etoh,14,2ml etoh,yes,14,20,0.0034,9.00E-04,"eye pigments, part of body missing",3.3,0.88,0.66,wild
TETI2_III-2022_F6,Xmalinche,TETI2,III-2022,6,etoh,27,2ml etoh,yes,1,30,0.0032,0.005,caudal pigments,4.9,3.1,2.37,wild
TETI2_III-2022_F6,Xmalinche,TETI2,III-2022,6,etoh,27,2ml etoh,yes,2,35,0.004,0.005,pectoral pigments,4.9,3.1,2.37,wild
TETI2_III-2022_F6,Xmalinche,TETI2,III-2022,6,etoh,27,2ml etoh,yes,3,35,0.0027,0.005,#2,4.9,3.1,2.37,wild
TETI2_III-2022_F6,Xmalinche,TETI2,III-2022,6,etoh,27,2ml etoh,yes,4,35,0.0031,0.005,#2,4.9,3.1,2.37,wild
TETI2_III-2022_F6,Xmalinche,TETI2,III-2022,6,etoh,27,2ml etoh,yes,5,35,0.0053,0.005,#2,4.9,3.1,2.37,wild
TETI2_III-2022_F6,Xmalinche,TETI2,III-2022,6,etoh,27,2ml etoh,yes,6,35,0.0034,0.005,#2,4.9,3.1,2.37,wild
TETI2_III-2022_F6,Xmalinche,TETI2,III-2022,6,etoh,27,2ml etoh,yes,7,30,0.0031,0.005,#1,4.9,3.1,2.37,wild
TETI2_III-2022_F6,Xmalinche,TETI2,III-2022,6,etoh,27,2ml etoh,yes,8,35,0.0045,0.005,#2,4.9,3.1,2.37,wild
TETI2_III-2022_F6,Xmalinche,TETI2,III-2022,6,etoh,27,2ml etoh,yes,9,35,0.0056,0.005,#2,4.9,3.1,2.37,wild
TETI2_III-2022_F6,Xmalinche,TETI2,III-2022,6,etoh,27,2ml etoh,yes,10,35,0.0047,0.005,slight pectoral pigment,4.9,3.1,2.37,wild
TETI2_III-2022_F6,Xmalinche,TETI2,III-2022,6,etoh,27,2ml etoh,yes,11,35,0.0051,0.005,#2,4.9,3.1,2.37,wild
TETI2_III-2022_F6,Xmalinche,TETI2,III-2022,6,etoh,27,2ml etoh,yes,12,35,0.0051,0.005,#2,4.9,3.1,2.37,wild
TETI2_III-2022_F6,Xmalinche,TETI2,III-2022,6,etoh,27,2ml etoh,yes,13,35,0.0039,0.005,#2,4.9,3.1,2.37,wild
TETI2_III-2022_F6,Xmalinche,TETI2,III-2022,6,etoh,27,2ml etoh,yes,14,35,0.0055,0.005,#2,4.9,3.1,2.37,wild
TETI2_III-2022_F6,Xmalinche,TETI2,III-2022,6,etoh,27,2ml etoh,yes,15,35,0.005,0.005,#2,4.9,3.1,2.37,wild
TETI2_III-2022_F6,Xmalinche,TETI2,III-2022,6,etoh,27,2ml etoh,yes,16,35,0.0054,0.005,#2,4.9,3.1,2.37,wild
TETI2_III-2022_F6,Xmalinche,TETI2,III-2022,6,etoh,27,2ml etoh,yes,17,35,0.0039,0.005,#2,4.9,3.1,2.37,wild
TETI2_III-2022_F6,Xmalinche,TETI2,III-2022,6,etoh,27,2ml etoh,yes,18,35,0.0048,0.005,#2,4.9,3.1,2.37,wild
TETI2_III-2022_F6,Xmalinche,TETI2,III-2022,6,etoh,27,2ml etoh,yes,19,35,0.0048,0.005,#2,4.9,3.1,2.37,wild
TETI2_III-2022_F6,Xmalinche,TETI2,III-2022,6,etoh,27,2ml etoh,yes,20,35,0.0035,0.005,#2,4.9,3.1,2.37,wild
TETI2_III-2022_F6,Xmalinche,TETI2,III-2022,6,etoh,27,2ml etoh,yes,21,35,0.0054,0.005,#2,4.9,3.1,2.37,wild
TETI2_III-2022_F6,Xmalinche,TETI2,III-2022,6,etoh,27,2ml etoh,yes,22,35,0.0057,0.005,#2,4.9,3.1,2.37,wild
TETI2_III-2022_F6,Xmalinche,TETI2,III-2022,6,etoh,27,2ml etoh,yes,23,35,0.0045,0.005,#2,4.9,3.1,2.37,wild
TETI2_III-2022_F6,Xmalinche,TETI2,III-2022,6,etoh,27,2ml etoh,yes,24,35,0.0052,0.005,#2,4.9,3.1,2.37,wild
TETI2_III-2022_F6,Xmalinche,TETI2,III-2022,6,etoh,27,2ml etoh,yes,25,30,0.0034,0.005,#1,4.9,3.1,2.37,wild
TETI2_III-2022_F6,Xmalinche,TETI2,III-2022,6,etoh,27,2ml etoh,yes,26,35,0.0047,0.005,#2,4.9,3.1,2.37,wild
TETI2_III-2022_F6,Xmalinche,TETI2,III-2022,6,etoh,27,2ml etoh,yes,27,35,0.0053,0.005,#2,4.9,3.1,2.37,wild
TETI2_III-2022_F7,Xmalinche,TETI2,III-2022,7,etoh,12,2ml etoh,yes,1,50,0.0039,0.0114,developed with scales and yolk,4,1.52,1.17,wild
TETI2_III-2022_F7,Xmalinche,TETI2,III-2022,7,etoh,12,2ml etoh,yes,2,50,0.0042,0.0114,#1,4,1.52,1.17,wild
TETI2_III-2022_F7,Xmalinche,TETI2,III-2022,7,etoh,12,2ml etoh,yes,3,50,0.0039,0.0114,#1,4,1.52,1.17,wild
TETI2_III-2022_F7,Xmalinche,TETI2,III-2022,7,etoh,12,2ml etoh,yes,4,50,0.0038,0.0114,#1,4,1.52,1.17,wild
TETI2_III-2022_F7,Xmalinche,TETI2,III-2022,7,etoh,12,2ml etoh,yes,5,50,0.0039,0.0114,#1,4,1.52,1.17,wild
TETI2_III-2022_F7,Xmalinche,TETI2,III-2022,7,etoh,12,2ml etoh,yes,6,50,0.0036,0.0114,#1,4,1.52,1.17,wild
TETI2_III-2022_F7,Xmalinche,TETI2,III-2022,7,etoh,12,2ml etoh,yes,7,50,0.0032,0.0114,#1,4,1.52,1.17,wild
TETI2_III-2022_F7,Xmalinche,TETI2,III-2022,7,etoh,12,2ml etoh,yes,8,50,0.0034,0.0114,#1,4,1.52,1.17,wild
TETI2_III-2022_F7,Xmalinche,TETI2,III-2022,7,etoh,12,2ml etoh,yes,9,50,0.0036,0.0114,#1,4,1.52,1.17,wild
TETI2_III-2022_F7,Xmalinche,TETI2,III-2022,7,etoh,12,2ml etoh,yes,10,50,0.0036,0.0114,#1,4,1.52,1.17,wild
TETI2_III-2022_F7,Xmalinche,TETI2,III-2022,7,etoh,12,2ml etoh,yes,11,50,0.0035,0.0114,#1,4,1.52,1.17,wild
TETI2_III-2022_F7,Xmalinche,TETI2,III-2022,7,etoh,12,2ml etoh,yes,12,50,0.0027,0.0114,#1,4,1.52,1.17,wild
TETI2_III-2022_F8,Xmalinche,TETI2,III-2022,8,etoh,20,2ml etoh,yes,1,25,0.0049,0.0058,"head pigments, early 25",4.6,2.32,1.76,wild
TETI2_III-2022_F8,Xmalinche,TETI2,III-2022,8,etoh,20,2ml etoh,yes,2,30,0.0054,0.0058,cadual pigments,4.6,2.32,1.76,wild
TETI2_III-2022_F8,Xmalinche,TETI2,III-2022,8,etoh,20,2ml etoh,yes,3,25,0.0048,0.0058,#1,4.6,2.32,1.76,wild
TETI2_III-2022_F8,Xmalinche,TETI2,III-2022,8,etoh,20,2ml etoh,yes,4,25,0.0049,0.0058,#1,4.6,2.32,1.76,wild
TETI2_III-2022_F8,Xmalinche,TETI2,III-2022,8,etoh,20,2ml etoh,yes,5,25,0.0052,0.0058,body pigments,4.6,2.32,1.76,wild
TETI2_III-2022_F8,Xmalinche,TETI2,III-2022,8,etoh,20,2ml etoh,yes,6,25,0.0044,0.0058,#1,4.6,2.32,1.76,wild
TETI2_III-2022_F8,Xmalinche,TETI2,III-2022,8,etoh,20,2ml etoh,yes,7,25,0.0046,0.0058,#1,4.6,2.32,1.76,wild
TETI2_III-2022_F8,Xmalinche,TETI2,III-2022,8,etoh,20,2ml etoh,yes,8,30,0.0049,0.0058,#2,4.6,2.32,1.76,wild
TETI2_III-2022_F8,Xmalinche,TETI2,III-2022,8,etoh,20,2ml etoh,yes,9,25,0.0043,0.0058,#1,4.6,2.32,1.76,wild
TETI2_III-2022_F8,Xmalinche,TETI2,III-2022,8,etoh,20,2ml etoh,yes,10,30,0.0044,0.0058,#2,4.6,2.32,1.76,wild
TETI2_III-2022_F8,Xmalinche,TETI2,III-2022,8,etoh,20,2ml etoh,yes,11,30,0.0057,0.0058,#2,4.6,2.32,1.76,wild
TETI2_III-2022_F8,Xmalinche,TETI2,III-2022,8,etoh,20,2ml etoh,yes,12,30,0.004,0.0058,#2,4.6,2.32,1.76,wild
TETI2_III-2022_F8,Xmalinche,TETI2,III-2022,8,etoh,20,2ml etoh,yes,13,25,0.0034,0.0058,#1,4.6,2.32,1.76,wild
TETI2_III-2022_F8,Xmalinche,TETI2,III-2022,8,etoh,20,2ml etoh,yes,14,30,0.0057,0.0058,#2,4.6,2.32,1.76,wild
TETI2_III-2022_F8,Xmalinche,TETI2,III-2022,8,etoh,20,2ml etoh,yes,15,30,0.0048,0.0058,#2,4.6,2.32,1.76,wild
TETI2_III-2022_F8,Xmalinche,TETI2,III-2022,8,etoh,20,2ml etoh,yes,16,30,0.0051,0.0058,"crumbly yolk, caudal pigments",4.6,2.32,1.76,wild
TETI2_III-2022_F8,Xmalinche,TETI2,III-2022,8,etoh,20,2ml etoh,yes,17,30,0.0052,0.0058,#2,4.6,2.32,1.76,wild
TETI2_III-2022_F8,Xmalinche,TETI2,III-2022,8,etoh,20,2ml etoh,yes,18,25,0.0046,0.0058,#1,4.6,2.32,1.76,wild
TETI2_III-2022_F8,Xmalinche,TETI2,III-2022,8,etoh,20,2ml etoh,yes,19,30,0.0055,0.0058,#2,4.6,2.32,1.76,wild
TETI2_III-2022_F8,Xmalinche,TETI2,III-2022,8,etoh,20,2ml etoh,yes,20,30,0.0055,0.0058,#2,4.6,2.32,1.76,wild
TETI2_III-2022_F9,Xmalinche,TETI2,III-2022,9,etoh,35,2ml etoh,yes,1,25,0.0046,0.0093,"early 25, head pigments",4.6,2.81,1.97,wild
TETI2_III-2022_F9,Xmalinche,TETI2,III-2022,9,etoh,35,2ml etoh,yes,2,20,0.0042,0.0093,eye pigments,4.6,2.81,1.97,wild
TETI2_III-2022_F9,Xmalinche,TETI2,III-2022,9,etoh,35,2ml etoh,yes,3,25,0.005,0.0093,#1,4.6,2.81,1.97,wild
TETI2_III-2022_F9,Xmalinche,TETI2,III-2022,9,etoh,35,2ml etoh,yes,4,25,0.0036,0.0093,#1,4.6,2.81,1.97,wild
TETI2_III-2022_F9,Xmalinche,TETI2,III-2022,9,etoh,35,2ml etoh,yes,5,25,0.0052,0.0093,#1,4.6,2.81,1.97,wild
TETI2_III-2022_F9,Xmalinche,TETI2,III-2022,9,etoh,35,2ml etoh,yes,6,25,0.0046,0.0093,#1,4.6,2.81,1.97,wild
TETI2_III-2022_F9,Xmalinche,TETI2,III-2022,9,etoh,35,2ml etoh,yes,7,20,0.0039,0.0093,"#2, fragile",4.6,2.81,1.97,wild
TETI2_III-2022_F9,Xmalinche,TETI2,III-2022,9,etoh,35,2ml etoh,yes,8,25,0.004,0.0093,#1,4.6,2.81,1.97,wild
TETI2_III-2022_F9,Xmalinche,TETI2,III-2022,9,etoh,35,2ml etoh,yes,9,25,0.0046,0.0093,"#1, buried in yolk",4.6,2.81,1.97,wild
TETI2_III-2022_F9,Xmalinche,TETI2,III-2022,9,etoh,35,2ml etoh,yes,10,15,0.0033,0.0093,"faint eye pigment, part of body missing",4.6,2.81,1.97,wild
TETI2_III-2022_F9,Xmalinche,TETI2,III-2022,9,etoh,35,2ml etoh,yes,11,25,0.0056,0.0093,"#1, body buried in yolk",4.6,2.81,1.97,wild
TETI2_III-2022_F9,Xmalinche,TETI2,III-2022,9,etoh,35,2ml etoh,yes,12,25,0.0052,0.0093,#1,4.6,2.81,1.97,wild
TETI2_III-2022_F9,Xmalinche,TETI2,III-2022,9,etoh,35,2ml etoh,yes,13,?,0.0048,0.0093,embryo body missing,4.6,2.81,1.97,wild
TETI2_III-2022_F9,Xmalinche,TETI2,III-2022,9,etoh,35,2ml etoh,yes,14,25,0.0053,0.0093,#1,4.6,2.81,1.97,wild
TETI2_III-2022_F9,Xmalinche,TETI2,III-2022,9,etoh,35,2ml etoh,yes,15,25,0.005,0.0093,#1,4.6,2.81,1.97,wild
TETI2_III-2022_F9,Xmalinche,TETI2,III-2022,9,etoh,35,2ml etoh,yes,16,20,0.0037,0.0093,#2,4.6,2.81,1.97,wild
TETI2_III-2022_F9,Xmalinche,TETI2,III-2022,9,etoh,35,2ml etoh,yes,17,25,0.0048,0.0093,#1,4.6,2.81,1.97,wild
TETI2_III-2022_F9,Xmalinche,TETI2,III-2022,9,etoh,35,2ml etoh,yes,18,25,0.005,0.0093,#1,4.6,2.81,1.97,wild
TETI2_III-2022_F9,Xmalinche,TETI2,III-2022,9,etoh,35,2ml etoh,yes,19,20,0.0038,0.0093,#2,4.6,2.81,1.97,wild
TETI2_III-2022_F9,Xmalinche,TETI2,III-2022,9,etoh,35,2ml etoh,yes,20,20,0.0039,0.0093,#2,4.6,2.81,1.97,wild
TETI2_III-2022_F9,Xmalinche,TETI2,III-2022,9,etoh,35,2ml etoh,yes,21,20,0.0044,0.0093,#2,4.6,2.81,1.97,wild
TETI2_III-2022_F9,Xmalinche,TETI2,III-2022,9,etoh,35,2ml etoh,yes,22,25,0.0054,0.0093,#1,4.6,2.81,1.97,wild
TETI2_III-2022_F9,Xmalinche,TETI2,III-2022,9,etoh,35,2ml etoh,yes,23,25,0.0055,0.0093,#1,4.6,2.81,1.97,wild
TETI2_III-2022_F9,Xmalinche,TETI2,III-2022,9,etoh,35,2ml etoh,yes,24,25,0.005,0.0093,#1,4.6,2.81,1.97,wild
TETI2_III-2022_F9,Xmalinche,TETI2,III-2022,9,etoh,35,2ml etoh,yes,25,20,0.0041,0.0093,#2,4.6,2.81,1.97,wild
TETI2_III-2022_F9,Xmalinche,TETI2,III-2022,9,etoh,35,2ml etoh,yes,26,25,0.0045,0.0093,#1,4.6,2.81,1.97,wild
TETI2_III-2022_F9,Xmalinche,TETI2,III-2022,9,etoh,35,2ml etoh,yes,27,25,0.0048,0.0093,#9,4.6,2.81,1.97,wild
TETI2_III-2022_F9,Xmalinche,TETI2,III-2022,9,etoh,35,2ml etoh,yes,28,20,0.0056,0.0093,"eye pigments, body missing",4.6,2.81,1.97,wild
TETI2_III-2022_F9,Xmalinche,TETI2,III-2022,9,etoh,35,2ml etoh,yes,29,25,0.005,0.0093,#1,4.6,2.81,1.97,wild
TETI2_III-2022_F9,Xmalinche,TETI2,III-2022,9,etoh,35,2ml etoh,yes,30,25,0.0037,0.0093,#1,4.6,2.81,1.97,wild
TETI2_III-2022_F9,Xmalinche,TETI2,III-2022,9,etoh,35,2ml etoh,yes,31,25,0.0041,0.0093,#1,4.6,2.81,1.97,wild
TETI2_III-2022_F9,Xmalinche,TETI2,III-2022,9,etoh,35,2ml etoh,yes,32,25,0.0054,0.0093,#1,4.6,2.81,1.97,wild
TETI2_III-2022_F9,Xmalinche,TETI2,III-2022,9,etoh,35,2ml etoh,yes,33,25,0.0055,0.0093,#1,4.6,2.81,1.97,wild
TETI2_III-2022_F9,Xmalinche,TETI2,III-2022,9,etoh,35,2ml etoh,yes,34,25,0.0047,0.0093,#1,4.6,2.81,1.97,wild
TETI2_III-2022_F9,Xmalinche,TETI2,III-2022,9,etoh,35,2ml etoh,yes,35,25,0.0046,0.0093,#1,4.6,2.81,1.97,wild
TETI2_III-2022_F10,Xmalinche,TETI2,III-2022,10,etoh,13,2ml etoh,yes,1,0,0.0038,7.00E-04,"even lipids, tan",3,0.68,0.54,wild
TETI2_III-2022_F10,Xmalinche,TETI2,III-2022,10,etoh,13,2ml etoh,yes,2,0,0.004,7.00E-04,#1,3,0.68,0.54,wild
TETI2_III-2022_F10,Xmalinche,TETI2,III-2022,10,etoh,13,2ml etoh,yes,3,0,0.0037,7.00E-04,#1,3,0.68,0.54,wild
TETI2_III-2022_F10,Xmalinche,TETI2,III-2022,10,etoh,13,2ml etoh,yes,4,0,0.0031,7.00E-04,#1,3,0.68,0.54,wild
TETI2_III-2022_F10,Xmalinche,TETI2,III-2022,10,etoh,13,2ml etoh,yes,5,0,0.0033,7.00E-04,#1,3,0.68,0.54,wild
TETI2_III-2022_F10,Xmalinche,TETI2,III-2022,10,etoh,13,2ml etoh,yes,6,0,0.0033,7.00E-04,#1,3,0.68,0.54,wild
TETI2_III-2022_F10,Xmalinche,TETI2,III-2022,10,etoh,13,2ml etoh,yes,7,0,0.0033,7.00E-04,#1,3,0.68,0.54,wild
TETI2_III-2022_F10,Xmalinche,TETI2,III-2022,10,etoh,13,2ml etoh,yes,8,0,0.003,7.00E-04,#1,3,0.68,0.54,wild
TETI2_III-2022_F10,Xmalinche,TETI2,III-2022,10,etoh,13,2ml etoh,yes,9,0,0.0033,7.00E-04,#1,3,0.68,0.54,wild
TETI2_III-2022_F10,Xmalinche,TETI2,III-2022,10,etoh,13,2ml etoh,yes,10,0,0.0041,7.00E-04,#1,3,0.68,0.54,wild
TETI2_III-2022_F10,Xmalinche,TETI2,III-2022,10,etoh,13,2ml etoh,yes,11,0,0.0028,7.00E-04,#1,3,0.68,0.54,wild
TETI2_III-2022_F10,Xmalinche,TETI2,III-2022,10,etoh,13,2ml etoh,yes,12,0,0.0041,7.00E-04,#1,3,0.68,0.54,wild
TETI2_III-2022_F10,Xmalinche,TETI2,III-2022,10,etoh,13,2ml etoh,yes,13,0,0.0031,7.00E-04,#1,3,0.68,0.54,wild
TETI2_III-2022_F11,Xmalinche,TETI2,III-2022,11,etoh,20,2ml etoh,yes,1,25,0.0056,0.0052,body pigments,4.6,2.66,2.07,wild
TETI2_III-2022_F11,Xmalinche,TETI2,III-2022,11,etoh,20,2ml etoh,yes,2,25,0.0055,0.0052,#1,4.6,2.66,2.07,wild
TETI2_III-2022_F11,Xmalinche,TETI2,III-2022,11,etoh,20,2ml etoh,yes,3,25,0.0055,0.0052,"head pigments, early 25",4.6,2.66,2.07,wild
TETI2_III-2022_F11,Xmalinche,TETI2,III-2022,11,etoh,20,2ml etoh,yes,4,20,0.005,0.0052,"eye pigments, part of head missing",4.6,2.66,2.07,wild
TETI2_III-2022_F11,Xmalinche,TETI2,III-2022,11,etoh,20,2ml etoh,yes,5,25,0.0056,0.0052,#1,4.6,2.66,2.07,wild
TETI2_III-2022_F11,Xmalinche,TETI2,III-2022,11,etoh,20,2ml etoh,yes,6,25,0.0044,0.0052,#1,4.6,2.66,2.07,wild
TETI2_III-2022_F11,Xmalinche,TETI2,III-2022,11,etoh,20,2ml etoh,yes,7,25,0.0062,0.0052,#1,4.6,2.66,2.07,wild
TETI2_III-2022_F11,Xmalinche,TETI2,III-2022,11,etoh,20,2ml etoh,yes,8,25,0.0056,0.0052,#1,4.6,2.66,2.07,wild
TETI2_III-2022_F11,Xmalinche,TETI2,III-2022,11,etoh,20,2ml etoh,yes,9,25,0.0037,0.0052,#3,4.6,2.66,2.07,wild
TETI2_III-2022_F11,Xmalinche,TETI2,III-2022,11,etoh,20,2ml etoh,yes,10,25,0.006,0.0052,#3,4.6,2.66,2.07,wild
TETI2_III-2022_F11,Xmalinche,TETI2,III-2022,11,etoh,20,2ml etoh,yes,11,25,0.0051,0.0052,#3,4.6,2.66,2.07,wild
TETI2_III-2022_F11,Xmalinche,TETI2,III-2022,11,etoh,20,2ml etoh,yes,12,25,0.0054,0.0052,#3,4.6,2.66,2.07,wild
TETI2_III-2022_F11,Xmalinche,TETI2,III-2022,11,etoh,20,2ml etoh,yes,13,25,0.0045,0.0052,"part of body missing, looks like #3",4.6,2.66,2.07,wild
TETI2_III-2022_F11,Xmalinche,TETI2,III-2022,11,etoh,20,2ml etoh,yes,14,25,0.006,0.0052,#1,4.6,2.66,2.07,wild
TETI2_III-2022_F11,Xmalinche,TETI2,III-2022,11,etoh,20,2ml etoh,yes,15,25,0.0064,0.0052,#1,4.6,2.66,2.07,wild
TETI2_III-2022_F11,Xmalinche,TETI2,III-2022,11,etoh,20,2ml etoh,yes,16,25,0.0041,0.0052,"#3, part of head missing",4.6,2.66,2.07,wild
TETI2_III-2022_F11,Xmalinche,TETI2,III-2022,11,etoh,20,2ml etoh,yes,17,25,0.0052,0.0052,#3,4.6,2.66,2.07,wild
TETI2_III-2022_F11,Xmalinche,TETI2,III-2022,11,etoh,20,2ml etoh,yes,18,25,0.0058,0.0052,#3,4.6,2.66,2.07,wild
TETI2_III-2022_F11,Xmalinche,TETI2,III-2022,11,etoh,20,2ml etoh,yes,19,25,0.0056,0.0052,"part of body missing, #3",4.6,2.66,2.07,wild
TETI2_III-2022_F11,Xmalinche,TETI2,III-2022,11,etoh,20,2ml etoh,yes,20,25,0.0035,0.0052,"part of body missing, #3",4.6,2.66,2.07,wild
TETI2_III-2022_F12,Xmalinche,TETI2,III-2022,12,etoh,16,2ml etoh,yes,1,20,0.0033,0.0014,eye pigments,3.3,0.83,0.6,wild
TETI2_III-2022_F12,Xmalinche,TETI2,III-2022,12,etoh,16,2ml etoh,yes,2,20,0.0036,0.0014,#1,3.3,0.83,0.6,wild
TETI2_III-2022_F12,Xmalinche,TETI2,III-2022,12,etoh,16,2ml etoh,yes,3,20,0.0041,0.0014,#1,3.3,0.83,0.6,wild
TETI2_III-2022_F12,Xmalinche,TETI2,III-2022,12,etoh,16,2ml etoh,yes,4,20,0.0035,0.0014,#1,3.3,0.83,0.6,wild
TETI2_III-2022_F12,Xmalinche,TETI2,III-2022,12,etoh,16,2ml etoh,yes,5,20,0.0039,0.0014,#1,3.3,0.83,0.6,wild
TETI2_III-2022_F12,Xmalinche,TETI2,III-2022,12,etoh,16,2ml etoh,yes,6,20,0.0038,0.0014,#1,3.3,0.83,0.6,wild
TETI2_III-2022_F12,Xmalinche,TETI2,III-2022,12,etoh,16,2ml etoh,yes,7,20,0.0039,0.0014,#1,3.3,0.83,0.6,wild
TETI2_III-2022_F12,Xmalinche,TETI2,III-2022,12,etoh,16,2ml etoh,yes,8,15,0.0031,0.0014,faint eye pigment,3.3,0.83,0.6,wild
TETI2_III-2022_F12,Xmalinche,TETI2,III-2022,12,etoh,16,2ml etoh,yes,9,10,0.0033,0.0014,head missing,3.3,0.83,0.6,wild
TETI2_III-2022_F12,Xmalinche,TETI2,III-2022,12,etoh,16,2ml etoh,yes,10,20,0.0039,0.0014,#1,3.3,0.83,0.6,wild
TETI2_III-2022_F12,Xmalinche,TETI2,III-2022,12,etoh,16,2ml etoh,yes,11,20,0.0039,0.0014,#1,3.3,0.83,0.6,wild
TETI2_III-2022_F12,Xmalinche,TETI2,III-2022,12,etoh,16,2ml etoh,yes,12,20,0.0037,0.0014,#1,3.3,0.83,0.6,wild
TETI2_III-2022_F12,Xmalinche,TETI2,III-2022,12,etoh,16,2ml etoh,yes,13,20,0.0037,0.0014,#1,3.3,0.83,0.6,wild
TETI2_III-2022_F12,Xmalinche,TETI2,III-2022,12,etoh,16,2ml etoh,yes,14,25,0.0039,0.0014,"head pigments, early 25",3.3,0.83,0.6,wild
TETI2_III-2022_F12,Xmalinche,TETI2,III-2022,12,etoh,16,2ml etoh,yes,15,20,0.0042,0.0014,#1,3.3,0.83,0.6,wild
TETI2_III-2022_F12,Xmalinche,TETI2,III-2022,12,etoh,16,2ml etoh,yes,16,15,0.0034,0.0014,#8,3.3,0.83,0.6,wild
TETI2_III-2022_F13,Xmalinche,TETI2,III-2022,13,etoh,11,2ml etoh,yes,1,10,0.003,6.00E-04,head/optic cups present,3.1,0.73,0.56,wild
TETI2_III-2022_F13,Xmalinche,TETI2,III-2022,13,etoh,11,2ml etoh,yes,2,10,0.003,6.00E-04,#1,3.1,0.73,0.56,wild
TETI2_III-2022_F13,Xmalinche,TETI2,III-2022,13,etoh,11,2ml etoh,yes,3,10,0.0033,6.00E-04,#1,3.1,0.73,0.56,wild
TETI2_III-2022_F13,Xmalinche,TETI2,III-2022,13,etoh,11,2ml etoh,yes,4,15,0.0033,6.00E-04,faint eye pigments,3.1,0.73,0.56,wild
TETI2_III-2022_F13,Xmalinche,TETI2,III-2022,13,etoh,11,2ml etoh,yes,5,15,0.0036,6.00E-04,#4,3.1,0.73,0.56,wild
TETI2_III-2022_F13,Xmalinche,TETI2,III-2022,13,etoh,11,2ml etoh,yes,6,15,0.0033,6.00E-04,#4,3.1,0.73,0.56,wild
TETI2_III-2022_F13,Xmalinche,TETI2,III-2022,13,etoh,11,2ml etoh,yes,7,15,0.0032,6.00E-04,#4,3.1,0.73,0.56,wild
TETI2_III-2022_F13,Xmalinche,TETI2,III-2022,13,etoh,11,2ml etoh,yes,8,0,0.0033,6.00E-04,even lipids,3.1,0.73,0.56,wild
TETI2_III-2022_F13,Xmalinche,TETI2,III-2022,13,etoh,11,2ml etoh,yes,9,15,0.0034,6.00E-04,#4,3.1,0.73,0.56,wild
TETI2_III-2022_F13,Xmalinche,TETI2,III-2022,13,etoh,11,2ml etoh,yes,10,15,0.0036,6.00E-04,#4,3.1,0.73,0.56,wild
TETI2_III-2022_F13,Xmalinche,TETI2,III-2022,13,etoh,11,2ml etoh,yes,11,15,0.0035,6.00E-04,#4,3.1,0.73,0.56,wild
TETI2_III-2022_F14,Xmalinche,TETI2,III-2022,14,etoh,10,2ml etoh,yes,1,30,0.0034,0.0017,caudal pigments,3.7,1.13,0.9,wild
TETI2_III-2022_F14,Xmalinche,TETI2,III-2022,14,etoh,10,2ml etoh,yes,2,35,0.0036,0.0017,pectoral rays pigmented,3.7,1.13,0.9,wild
TETI2_III-2022_F14,Xmalinche,TETI2,III-2022,14,etoh,10,2ml etoh,yes,3,30,0.0042,0.0017,#1,3.7,1.13,0.9,wild
TETI2_III-2022_F14,Xmalinche,TETI2,III-2022,14,etoh,10,2ml etoh,yes,4,30,0.0037,0.0017,#1,3.7,1.13,0.9,wild
TETI2_III-2022_F14,Xmalinche,TETI2,III-2022,14,etoh,10,2ml etoh,yes,5,30,0.0036,0.0017,#1,3.7,1.13,0.9,wild
TETI2_III-2022_F14,Xmalinche,TETI2,III-2022,14,etoh,10,2ml etoh,yes,6,30,0.0039,0.0017,#1,3.7,1.13,0.9,wild
TETI2_III-2022_F14,Xmalinche,TETI2,III-2022,14,etoh,10,2ml etoh,yes,7,30,0.0031,0.0017,#1,3.7,1.13,0.9,wild
TETI2_III-2022_F14,Xmalinche,TETI2,III-2022,14,etoh,10,2ml etoh,yes,8,30,0.0039,0.0017,#1,3.7,1.13,0.9,wild
TETI2_III-2022_F14,Xmalinche,TETI2,III-2022,14,etoh,10,2ml etoh,yes,9,30,0.0031,0.0017,#1,3.7,1.13,0.9,wild
TETI2_III-2022_F14,Xmalinche,TETI2,III-2022,14,etoh,10,2ml etoh,yes,10,35,0.0036,0.0017,#2,3.7,1.13,0.9,wild
TETI2_III-2022_F15,Xmalinche,TETI2,III-2022,15,etoh,15,2ml etoh,yes,1,50,0.0035,0.0079,developed with yolk,4.6,2.37,1.8,wild
TETI2_III-2022_F15,Xmalinche,TETI2,III-2022,15,etoh,15,2ml etoh,yes,2,50,0.0035,0.0079,#1,4.6,2.37,1.8,wild
TETI2_III-2022_F15,Xmalinche,TETI2,III-2022,15,etoh,15,2ml etoh,yes,3,50,0.004,0.0079,#1,4.6,2.37,1.8,wild
TETI2_III-2022_F15,Xmalinche,TETI2,III-2022,15,etoh,15,2ml etoh,yes,4,50,0.0041,0.0079,#1,4.6,2.37,1.8,wild
TETI2_III-2022_F15,Xmalinche,TETI2,III-2022,15,etoh,15,2ml etoh,yes,5,50,0.0038,0.0079,#1,4.6,2.37,1.8,wild
TETI2_III-2022_F15,Xmalinche,TETI2,III-2022,15,etoh,15,2ml etoh,yes,6,50,0.0028,0.0079,#1,4.6,2.37,1.8,wild
TETI2_III-2022_F15,Xmalinche,TETI2,III-2022,15,etoh,15,2ml etoh,yes,7,50,0.004,0.0079,#1,4.6,2.37,1.8,wild
TETI2_III-2022_F15,Xmalinche,TETI2,III-2022,15,etoh,15,2ml etoh,yes,8,50,0.0045,0.0079,#1,4.6,2.37,1.8,wild
TETI2_III-2022_F15,Xmalinche,TETI2,III-2022,15,etoh,15,2ml etoh,yes,9,50,0.0048,0.0079,#1,4.6,2.37,1.8,wild
TETI2_III-2022_F15,Xmalinche,TETI2,III-2022,15,etoh,15,2ml etoh,yes,10,50,0.004,0.0079,#1,4.6,2.37,1.8,wild
TETI2_III-2022_F15,Xmalinche,TETI2,III-2022,15,etoh,15,2ml etoh,yes,11,50,0.0044,0.0079,#1,4.6,2.37,1.8,wild
TETI2_III-2022_F15,Xmalinche,TETI2,III-2022,15,etoh,15,2ml etoh,yes,12,50,0.0047,0.0079,#1,4.6,2.37,1.8,wild
TETI2_III-2022_F15,Xmalinche,TETI2,III-2022,15,etoh,15,2ml etoh,yes,13,50,0.0041,0.0079,#1,4.6,2.37,1.8,wild
TETI2_III-2022_F15,Xmalinche,TETI2,III-2022,15,etoh,15,2ml etoh,yes,14,50,0.0027,0.0079,#1,4.6,2.37,1.8,wild
TETI2_III-2022_F15,Xmalinche,TETI2,III-2022,15,etoh,15,2ml etoh,yes,15,50,0.004,0.0079,#1,4.6,2.37,1.8,wild
TETI2_III-2022_F16,Xmalinche,TETI2,III-2022,16,etoh,23,2ml etoh,yes,1,25,0.0045,0.0029,body pigments,4.1,1.81,1.39,wild
TETI2_III-2022_F16,Xmalinche,TETI2,III-2022,16,etoh,23,2ml etoh,yes,2,25,0.0048,0.0029,#1,4.1,1.81,1.39,wild
TETI2_III-2022_F16,Xmalinche,TETI2,III-2022,16,etoh,23,2ml etoh,yes,3,25,0.0041,0.0029,"body pigments, buried in yolk",4.1,1.81,1.39,wild
TETI2_III-2022_F16,Xmalinche,TETI2,III-2022,16,etoh,23,2ml etoh,yes,4,25,0.0041,0.0029,#3,4.1,1.81,1.39,wild
TETI2_III-2022_F16,Xmalinche,TETI2,III-2022,16,etoh,23,2ml etoh,yes,5,25,0.0039,0.0029,#1,4.1,1.81,1.39,wild
TETI2_III-2022_F16,Xmalinche,TETI2,III-2022,16,etoh,23,2ml etoh,yes,6,25,0.0038,0.0029,#3,4.1,1.81,1.39,wild
TETI2_III-2022_F16,Xmalinche,TETI2,III-2022,16,etoh,23,2ml etoh,yes,7,25,0.0038,0.0029,#3,4.1,1.81,1.39,wild
TETI2_III-2022_F16,Xmalinche,TETI2,III-2022,16,etoh,23,2ml etoh,yes,8,25,0.0028,0.0029,#1,4.1,1.81,1.39,wild
TETI2_III-2022_F16,Xmalinche,TETI2,III-2022,16,etoh,23,2ml etoh,yes,9,25,0.0035,0.0029,#3,4.1,1.81,1.39,wild
TETI2_III-2022_F16,Xmalinche,TETI2,III-2022,16,etoh,23,2ml etoh,yes,10,25,0.0036,0.0029,#3,4.1,1.81,1.39,wild
TETI2_III-2022_F16,Xmalinche,TETI2,III-2022,16,etoh,23,2ml etoh,yes,11,25,0.0032,0.0029,#3,4.1,1.81,1.39,wild
TETI2_III-2022_F16,Xmalinche,TETI2,III-2022,16,etoh,23,2ml etoh,yes,12,25,0.0048,0.0029,head pigments,4.1,1.81,1.39,wild
TETI2_III-2022_F16,Xmalinche,TETI2,III-2022,16,etoh,23,2ml etoh,yes,13,25,0.005,0.0029,#12,4.1,1.81,1.39,wild
TETI2_III-2022_F16,Xmalinche,TETI2,III-2022,16,etoh,23,2ml etoh,yes,14,25,0.0047,0.0029,#12,4.1,1.81,1.39,wild
TETI2_III-2022_F16,Xmalinche,TETI2,III-2022,16,etoh,23,2ml etoh,yes,15,25,0.0042,0.0029,#1,4.1,1.81,1.39,wild
TETI2_III-2022_F16,Xmalinche,TETI2,III-2022,16,etoh,23,2ml etoh,yes,16,25,0.0042,0.0029,#3,4.1,1.81,1.39,wild
TETI2_III-2022_F16,Xmalinche,TETI2,III-2022,16,etoh,23,2ml etoh,yes,17,25,0.0045,0.0029,#12,4.1,1.81,1.39,wild
TETI2_III-2022_F16,Xmalinche,TETI2,III-2022,16,etoh,23,2ml etoh,yes,18,25,0.0048,0.0029,#1,4.1,1.81,1.39,wild
TETI2_III-2022_F16,Xmalinche,TETI2,III-2022,16,etoh,23,2ml etoh,yes,19,25,0.0037,0.0029,#12,4.1,1.81,1.39,wild
TETI2_III-2022_F16,Xmalinche,TETI2,III-2022,16,etoh,23,2ml etoh,yes,20,25,0.0043,0.0029,#12,4.1,1.81,1.39,wild
TETI2_III-2022_F16,Xmalinche,TETI2,III-2022,16,etoh,23,2ml etoh,yes,21,25,0.0044,0.0029,#12,4.1,1.81,1.39,wild
TETI2_III-2022_F16,Xmalinche,TETI2,III-2022,16,etoh,23,2ml etoh,yes,22,25,0.0043,0.0029,#12,4.1,1.81,1.39,wild
TETI2_III-2022_F16,Xmalinche,TETI2,III-2022,16,etoh,23,2ml etoh,yes,23,25,0.0039,0.0029,#1,4.1,1.81,1.39,wild
TETI2_III-2022_F17,Xmalinche,TETI2,III-2022,17,etoh,20,2ml etoh,yes,1,45,0.0038,0.0101,scales appearing,4.5,2.26,1.73,wild
TETI2_III-2022_F17,Xmalinche,TETI2,III-2022,17,etoh,20,2ml etoh,yes,2,45,0.0045,0.0101,#1,4.5,2.26,1.73,wild
TETI2_III-2022_F17,Xmalinche,TETI2,III-2022,17,etoh,20,2ml etoh,yes,3,45,0.0033,0.0101,"yolk loose, #1",4.5,2.26,1.73,wild
TETI2_III-2022_F17,Xmalinche,TETI2,III-2022,17,etoh,20,2ml etoh,yes,4,45,0.0037,0.0101,#1,4.5,2.26,1.73,wild
TETI2_III-2022_F17,Xmalinche,TETI2,III-2022,17,etoh,20,2ml etoh,yes,5,45,0.003,0.0101,#1,4.5,2.26,1.73,wild
TETI2_III-2022_F17,Xmalinche,TETI2,III-2022,17,etoh,20,2ml etoh,yes,6,45,0.0032,0.0101,#1,4.5,2.26,1.73,wild
TETI2_III-2022_F17,Xmalinche,TETI2,III-2022,17,etoh,20,2ml etoh,yes,7,45,0.0035,0.0101,#1,4.5,2.26,1.73,wild
TETI2_III-2022_F17,Xmalinche,TETI2,III-2022,17,etoh,20,2ml etoh,yes,8,45,0.0037,0.0101,#1,4.5,2.26,1.73,wild
TETI2_III-2022_F17,Xmalinche,TETI2,III-2022,17,etoh,20,2ml etoh,yes,9,45,0.0037,0.0101,#1,4.5,2.26,1.73,wild
TETI2_III-2022_F17,Xmalinche,TETI2,III-2022,17,etoh,20,2ml etoh,yes,10,45,0.0046,0.0101,#1,4.5,2.26,1.73,wild
TETI2_III-2022_F17,Xmalinche,TETI2,III-2022,17,etoh,20,2ml etoh,yes,11,45,0.0036,0.0101,#1,4.5,2.26,1.73,wild
TETI2_III-2022_F17,Xmalinche,TETI2,III-2022,17,etoh,20,2ml etoh,yes,12,45,0.0035,0.0101,#1,4.5,2.26,1.73,wild
TETI2_III-2022_F17,Xmalinche,TETI2,III-2022,17,etoh,20,2ml etoh,yes,13,45,0.0039,0.0101,#1,4.5,2.26,1.73,wild
TETI2_III-2022_F17,Xmalinche,TETI2,III-2022,17,etoh,20,2ml etoh,yes,14,45,0.0035,0.0101,"#1, damaged",4.5,2.26,1.73,wild
TETI2_III-2022_F17,Xmalinche,TETI2,III-2022,17,etoh,20,2ml etoh,yes,15,45,0.0031,0.0101,#1,4.5,2.26,1.73,wild
TETI2_III-2022_F17,Xmalinche,TETI2,III-2022,17,etoh,20,2ml etoh,yes,16,45,0.0043,0.0101,#1,4.5,2.26,1.73,wild
TETI2_III-2022_F17,Xmalinche,TETI2,III-2022,17,etoh,20,2ml etoh,yes,17,45,0.0031,0.0101,#1,4.5,2.26,1.73,wild
TETI2_III-2022_F17,Xmalinche,TETI2,III-2022,17,etoh,20,2ml etoh,yes,18,45,0.0046,0.0101,#1,4.5,2.26,1.73,wild
TETI2_III-2022_F17,Xmalinche,TETI2,III-2022,17,etoh,20,2ml etoh,yes,19,45,0.0047,0.0101,#1,4.5,2.26,1.73,wild
TETI2_III-2022_F17,Xmalinche,TETI2,III-2022,17,etoh,20,2ml etoh,yes,20,45,0.0022,0.0101,#1,4.5,2.26,1.73,wild
TETI2_III-2022_F18,Xmalinche,TETI2,III-2022,18,etoh,13,2ml etoh,yes,1,30,0.0036,0.0018,caudal pigments,3.7,1.29,0.97,wild
TETI2_III-2022_F18,Xmalinche,TETI2,III-2022,18,etoh,13,2ml etoh,yes,2,30,0.0036,0.0018,#1,3.7,1.29,0.97,wild
TETI2_III-2022_F18,Xmalinche,TETI2,III-2022,18,etoh,13,2ml etoh,yes,3,30,0.0037,0.0018,#1,3.7,1.29,0.97,wild
TETI2_III-2022_F18,Xmalinche,TETI2,III-2022,18,etoh,13,2ml etoh,yes,4,30,0.004,0.0018,#1,3.7,1.29,0.97,wild
TETI2_III-2022_F18,Xmalinche,TETI2,III-2022,18,etoh,13,2ml etoh,yes,5,30,0.004,0.0018,#1,3.7,1.29,0.97,wild
TETI2_III-2022_F18,Xmalinche,TETI2,III-2022,18,etoh,13,2ml etoh,yes,6,30,0.0038,0.0018,#1,3.7,1.29,0.97,wild
TETI2_III-2022_F18,Xmalinche,TETI2,III-2022,18,etoh,13,2ml etoh,yes,7,30,0.004,0.0018,#1,3.7,1.29,0.97,wild
TETI2_III-2022_F18,Xmalinche,TETI2,III-2022,18,etoh,13,2ml etoh,yes,8,30,0.0033,0.0018,#1,3.7,1.29,0.97,wild
TETI2_III-2022_F18,Xmalinche,TETI2,III-2022,18,etoh,13,2ml etoh,yes,9,30,0.0036,0.0018,#1,3.7,1.29,0.97,wild
TETI2_III-2022_F18,Xmalinche,TETI2,III-2022,18,etoh,13,2ml etoh,yes,10,30,0.0038,0.0018,#1,3.7,1.29,0.97,wild
TETI2_III-2022_F18,Xmalinche,TETI2,III-2022,18,etoh,13,2ml etoh,yes,11,30,0.0042,0.0018,#1,3.7,1.29,0.97,wild
TETI2_III-2022_F18,Xmalinche,TETI2,III-2022,18,etoh,13,2ml etoh,yes,12,30,0.0033,0.0018,#1,3.7,1.29,0.97,wild
TETI2_III-2022_F18,Xmalinche,TETI2,III-2022,18,etoh,13,2ml etoh,yes,13,30,0.0036,0.0018,#1,3.7,1.29,0.97,wild
TETI2_III-2022_F19,Xmalinche,TETI2,III-2022,19,etoh,23,2ml etoh,yes,1,45,0.0048,0.0102,scales present,4.5,2.42,1.77,wild
TETI2_III-2022_F19,Xmalinche,TETI2,III-2022,19,etoh,23,2ml etoh,yes,2,45,0.0036,0.0102,#1,4.5,2.42,1.77,wild
TETI2_III-2022_F19,Xmalinche,TETI2,III-2022,19,etoh,23,2ml etoh,yes,3,45,0.004,0.0102,#1,4.5,2.42,1.77,wild
TETI2_III-2022_F19,Xmalinche,TETI2,III-2022,19,etoh,23,2ml etoh,yes,4,45,0.0046,0.0102,#1,4.5,2.42,1.77,wild
TETI2_III-2022_F19,Xmalinche,TETI2,III-2022,19,etoh,23,2ml etoh,yes,5,45,0.004,0.0102,#1,4.5,2.42,1.77,wild
TETI2_III-2022_F19,Xmalinche,TETI2,III-2022,19,etoh,23,2ml etoh,yes,6,45,0.0048,0.0102,#1,4.5,2.42,1.77,wild
TETI2_III-2022_F19,Xmalinche,TETI2,III-2022,19,etoh,23,2ml etoh,yes,7,45,0.0043,0.0102,#1,4.5,2.42,1.77,wild
TETI2_III-2022_F19,Xmalinche,TETI2,III-2022,19,etoh,23,2ml etoh,yes,8,45,0.005,0.0102,#1,4.5,2.42,1.77,wild
TETI2_III-2022_F19,Xmalinche,TETI2,III-2022,19,etoh,23,2ml etoh,yes,9,45,0.0025,0.0102,"#1, small",4.5,2.42,1.77,wild
TETI2_III-2022_F19,Xmalinche,TETI2,III-2022,19,etoh,23,2ml etoh,yes,10,45,0.0033,0.0102,#1,4.5,2.42,1.77,wild
TETI2_III-2022_F19,Xmalinche,TETI2,III-2022,19,etoh,23,2ml etoh,yes,11,45,0.0035,0.0102,#1,4.5,2.42,1.77,wild
TETI2_III-2022_F19,Xmalinche,TETI2,III-2022,19,etoh,23,2ml etoh,yes,12,45,0.0044,0.0102,#1,4.5,2.42,1.77,wild
TETI2_III-2022_F19,Xmalinche,TETI2,III-2022,19,etoh,23,2ml etoh,yes,13,45,0.0051,0.0102,#1,4.5,2.42,1.77,wild
TETI2_III-2022_F19,Xmalinche,TETI2,III-2022,19,etoh,23,2ml etoh,yes,14,45,0.0044,0.0102,#1,4.5,2.42,1.77,wild
TETI2_III-2022_F19,Xmalinche,TETI2,III-2022,19,etoh,23,2ml etoh,yes,15,45,0.0048,0.0102,#1,4.5,2.42,1.77,wild
TETI2_III-2022_F19,Xmalinche,TETI2,III-2022,19,etoh,23,2ml etoh,yes,16,45,0.0053,0.0102,#1,4.5,2.42,1.77,wild
TETI2_III-2022_F19,Xmalinche,TETI2,III-2022,19,etoh,23,2ml etoh,yes,17,45,0.005,0.0102,#1,4.5,2.42,1.77,wild
TETI2_III-2022_F19,Xmalinche,TETI2,III-2022,19,etoh,23,2ml etoh,yes,18,45,0.0044,0.0102,#1,4.5,2.42,1.77,wild
TETI2_III-2022_F19,Xmalinche,TETI2,III-2022,19,etoh,23,2ml etoh,yes,19,45,0.0035,0.0102,#1,4.5,2.42,1.77,wild
TETI2_III-2022_F19,Xmalinche,TETI2,III-2022,19,etoh,23,2ml etoh,yes,20,45,0.005,0.0102,#1,4.5,2.42,1.77,wild
TETI2_III-2022_F19,Xmalinche,TETI2,III-2022,19,etoh,23,2ml etoh,yes,21,45,0.0048,0.0102,#1,4.5,2.42,1.77,wild
TETI2_III-2022_F19,Xmalinche,TETI2,III-2022,19,etoh,23,2ml etoh,yes,22,45,0.0051,0.0102,#1,4.5,2.42,1.77,wild
TETI2_III-2022_F19,Xmalinche,TETI2,III-2022,19,etoh,23,2ml etoh,yes,23,45,0.0042,0.0102,#1,4.5,2.42,1.77,wild
TETI2_III-2022_F20,Xmalinche,TETI2,III-2022,20,etoh,18,2ml etoh,yes,1,40,0.0043,0.0038,dorsal/anal fin pigments,4.3,1.82,1.32,wild
TETI2_III-2022_F20,Xmalinche,TETI2,III-2022,20,etoh,18,2ml etoh,yes,2,45,0.0045,0.0038,early 45,4.3,1.82,1.32,wild
TETI2_III-2022_F20,Xmalinche,TETI2,III-2022,20,etoh,18,2ml etoh,yes,3,45,0.0043,0.0038,#2,4.3,1.82,1.32,wild
TETI2_III-2022_F20,Xmalinche,TETI2,III-2022,20,etoh,18,2ml etoh,yes,4,45,0.005,0.0038,#2,4.3,1.82,1.32,wild
TETI2_III-2022_F20,Xmalinche,TETI2,III-2022,20,etoh,18,2ml etoh,yes,5,45,0.0035,0.0038,#2,4.3,1.82,1.32,wild
TETI2_III-2022_F20,Xmalinche,TETI2,III-2022,20,etoh,18,2ml etoh,yes,6,40,0.0042,0.0038,#1,4.3,1.82,1.32,wild
TETI2_III-2022_F20,Xmalinche,TETI2,III-2022,20,etoh,18,2ml etoh,yes,7,45,0.0048,0.0038,#2,4.3,1.82,1.32,wild
TETI2_III-2022_F20,Xmalinche,TETI2,III-2022,20,etoh,18,2ml etoh,yes,8,45,0.0047,0.0038,#2,4.3,1.82,1.32,wild
TETI2_III-2022_F20,Xmalinche,TETI2,III-2022,20,etoh,18,2ml etoh,yes,9,40,0.0041,0.0038,#1,4.3,1.82,1.32,wild
TETI2_III-2022_F20,Xmalinche,TETI2,III-2022,20,etoh,18,2ml etoh,yes,10,45,0.0033,0.0038,#2,4.3,1.82,1.32,wild
TETI2_III-2022_F20,Xmalinche,TETI2,III-2022,20,etoh,18,2ml etoh,yes,11,45,0.0048,0.0038,#2,4.3,1.82,1.32,wild
TETI2_III-2022_F20,Xmalinche,TETI2,III-2022,20,etoh,18,2ml etoh,yes,12,45,0.0047,0.0038,#2,4.3,1.82,1.32,wild
TETI2_III-2022_F20,Xmalinche,TETI2,III-2022,20,etoh,18,2ml etoh,yes,13,45,0.0042,0.0038,#2,4.3,1.82,1.32,wild
TETI2_III-2022_F20,Xmalinche,TETI2,III-2022,20,etoh,18,2ml etoh,yes,14,45,0.0044,0.0038,#2,4.3,1.82,1.32,wild
TETI2_III-2022_F20,Xmalinche,TETI2,III-2022,20,etoh,18,2ml etoh,yes,15,45,0.0042,0.0038,#2,4.3,1.82,1.32,wild
TETI2_III-2022_F20,Xmalinche,TETI2,III-2022,20,etoh,18,2ml etoh,yes,16,45,0.0037,0.0038,#2,4.3,1.82,1.32,wild
TETI2_III-2022_F20,Xmalinche,TETI2,III-2022,20,etoh,18,2ml etoh,yes,17,45,0.0041,0.0038,#2,4.3,1.82,1.32,wild
TETI2_III-2022_F20,Xmalinche,TETI2,III-2022,20,etoh,18,2ml etoh,yes,18,45,0.0041,0.0038,#2,4.3,1.82,1.32,wild
TETI2_III-2022_F21,Xmalinche,TETI2,III-2022,21,etoh,15,2ml etoh,yes,1,45,0.0036,0.023,scales present,4.4,2.05,1.55,wild
TETI2_III-2022_F21,Xmalinche,TETI2,III-2022,21,etoh,15,2ml etoh,yes,2,45,0.0042,0.023,"#1, small",4.4,2.05,1.55,wild
TETI2_III-2022_F21,Xmalinche,TETI2,III-2022,21,etoh,15,2ml etoh,yes,3,40,0.0033,0.023,dorsal/anal pigments,4.4,2.05,1.55,wild
TETI2_III-2022_F21,Xmalinche,TETI2,III-2022,21,etoh,15,2ml etoh,yes,4,40,0.0032,0.023,#3,4.4,2.05,1.55,wild
TETI2_III-2022_F21,Xmalinche,TETI2,III-2022,21,etoh,15,2ml etoh,yes,5,45,0.0043,0.023,#1,4.4,2.05,1.55,wild
TETI2_III-2022_F21,Xmalinche,TETI2,III-2022,21,etoh,15,2ml etoh,yes,6,40,0.0045,0.023,#3,4.4,2.05,1.55,wild
TETI2_III-2022_F21,Xmalinche,TETI2,III-2022,21,etoh,15,2ml etoh,yes,7,45,0.0046,0.023,#1,4.4,2.05,1.55,wild
TETI2_III-2022_F21,Xmalinche,TETI2,III-2022,21,etoh,15,2ml etoh,yes,8,45,0.0042,0.023,#1,4.4,2.05,1.55,wild
TETI2_III-2022_F21,Xmalinche,TETI2,III-2022,21,etoh,15,2ml etoh,yes,9,35,0.0032,0.023,pecotral pigments,4.4,2.05,1.55,wild
TETI2_III-2022_F21,Xmalinche,TETI2,III-2022,21,etoh,15,2ml etoh,yes,10,45,0.0045,0.023,#1,4.4,2.05,1.55,wild
TETI2_III-2022_F21,Xmalinche,TETI2,III-2022,21,etoh,15,2ml etoh,yes,11,45,0.0038,0.023,#1,4.4,2.05,1.55,wild
TETI2_III-2022_F21,Xmalinche,TETI2,III-2022,21,etoh,15,2ml etoh,yes,12,45,0.0038,0.023,#1,4.4,2.05,1.55,wild
TETI2_III-2022_F21,Xmalinche,TETI2,III-2022,21,etoh,15,2ml etoh,yes,13,45,0.0042,0.023,#1,4.4,2.05,1.55,wild
TETI2_III-2022_F21,Xmalinche,TETI2,III-2022,21,etoh,15,2ml etoh,yes,14,40,0.0043,0.023,#3,4.4,2.05,1.55,wild
TETI2_III-2022_F21,Xmalinche,TETI2,III-2022,21,etoh,15,2ml etoh,yes,15,40,0.004,0.023,#3,4.4,2.05,1.55,wild
TETI2_III-2022_F22,Xmalinche,TETI2,III-2022,22,etoh,9,2ml etoh,yes,1,25,0.0042,9.00E-04,"early 25, head pigments",3.3,0.84,0.64,wild
TETI2_III-2022_F22,Xmalinche,TETI2,III-2022,22,etoh,9,2ml etoh,yes,2,20,0.0042,9.00E-04,eye pigments present,3.3,0.84,0.64,wild
TETI2_III-2022_F22,Xmalinche,TETI2,III-2022,22,etoh,9,2ml etoh,yes,3,0,0.0034,9.00E-04,even lipid distribution,3.3,0.84,0.64,wild
TETI2_III-2022_F22,Xmalinche,TETI2,III-2022,22,etoh,9,2ml etoh,yes,4,20,0.0047,9.00E-04,#2,3.3,0.84,0.64,wild
TETI2_III-2022_F22,Xmalinche,TETI2,III-2022,22,etoh,9,2ml etoh,yes,5,20,0.0043,9.00E-04,#2,3.3,0.84,0.64,wild
TETI2_III-2022_F22,Xmalinche,TETI2,III-2022,22,etoh,9,2ml etoh,yes,6,25,0.0043,9.00E-04,#1,3.3,0.84,0.64,wild
TETI2_III-2022_F22,Xmalinche,TETI2,III-2022,22,etoh,9,2ml etoh,yes,7,25,0.0044,9.00E-04,#1,3.3,0.84,0.64,wild
TETI2_III-2022_F22,Xmalinche,TETI2,III-2022,22,etoh,9,2ml etoh,yes,8,20,0.004,9.00E-04,#2,3.3,0.84,0.64,wild
TETI2_III-2022_F22,Xmalinche,TETI2,III-2022,22,etoh,9,2ml etoh,yes,9,25,0.0043,9.00E-04,#1,3.3,0.84,0.64,wild
TETI2_III-2022_F23,Xmalinche,TETI2,III-2022,23,etoh,16,2ml etoh,yes,1,0,0.0047,0.0015,even lipid distribution,3.4,0.91,0.67,wild
TETI2_III-2022_F23,Xmalinche,TETI2,III-2022,23,etoh,16,2ml etoh,yes,2,0,0.004,0.0015,#1,3.4,0.91,0.67,wild
TETI2_III-2022_F23,Xmalinche,TETI2,III-2022,23,etoh,16,2ml etoh,yes,3,0,0.0047,0.0015,#1,3.4,0.91,0.67,wild
TETI2_III-2022_F23,Xmalinche,TETI2,III-2022,23,etoh,16,2ml etoh,yes,4,0,0.005,0.0015,#1,3.4,0.91,0.67,wild
TETI2_III-2022_F23,Xmalinche,TETI2,III-2022,23,etoh,16,2ml etoh,yes,5,0,0.0041,0.0015,#1,3.4,0.91,0.67,wild
TETI2_III-2022_F23,Xmalinche,TETI2,III-2022,23,etoh,16,2ml etoh,yes,6,0,0.0049,0.0015,#1,3.4,0.91,0.67,wild
TETI2_III-2022_F23,Xmalinche,TETI2,III-2022,23,etoh,16,2ml etoh,yes,7,0,0.0048,0.0015,#1,3.4,0.91,0.67,wild
TETI2_III-2022_F23,Xmalinche,TETI2,III-2022,23,etoh,16,2ml etoh,yes,8,0,0.005,0.0015,#1,3.4,0.91,0.67,wild
TETI2_III-2022_F23,Xmalinche,TETI2,III-2022,23,etoh,16,2ml etoh,yes,9,0,0.0049,0.0015,#1,3.4,0.91,0.67,wild
TETI2_III-2022_F23,Xmalinche,TETI2,III-2022,23,etoh,16,2ml etoh,yes,10,0,0.0052,0.0015,#1,3.4,0.91,0.67,wild
TETI2_III-2022_F23,Xmalinche,TETI2,III-2022,23,etoh,16,2ml etoh,yes,11,0,0.0044,0.0015,#1,3.4,0.91,0.67,wild
TETI2_III-2022_F23,Xmalinche,TETI2,III-2022,23,etoh,16,2ml etoh,yes,12,0,0.0044,0.0015,#1,3.4,0.91,0.67,wild
TETI2_III-2022_F23,Xmalinche,TETI2,III-2022,23,etoh,16,2ml etoh,yes,13,0,0.0042,0.0015,#1,3.4,0.91,0.67,wild
TETI2_III-2022_F23,Xmalinche,TETI2,III-2022,23,etoh,16,2ml etoh,yes,14,0,0.0044,0.0015,#1,3.4,0.91,0.67,wild
TETI2_III-2022_F23,Xmalinche,TETI2,III-2022,23,etoh,16,2ml etoh,yes,15,0,0.0048,0.0015,#1,3.4,0.91,0.67,wild
TETI2_III-2022_F23,Xmalinche,TETI2,III-2022,23,etoh,16,2ml etoh,yes,16,5,0.0052,0.0015,nerula faintly seen,3.4,0.91,0.67,wild
TETI2_III-2022_F24,Xmalinche,TETI2,III-2022,24,etoh,8,2ml etoh,yes,1,0,0.0052,0.001,even lipid distribution,3.3,0.87,0.71,wild
TETI2_III-2022_F24,Xmalinche,TETI2,III-2022,24,etoh,8,2ml etoh,yes,2,0,0.0049,0.001,#1,3.3,0.87,0.71,wild
TETI2_III-2022_F24,Xmalinche,TETI2,III-2022,24,etoh,8,2ml etoh,yes,3,0,0.0052,0.001,#1,3.3,0.87,0.71,wild
TETI2_III-2022_F24,Xmalinche,TETI2,III-2022,24,etoh,8,2ml etoh,yes,4,0,0.0046,0.001,#1,3.3,0.87,0.71,wild
TETI2_III-2022_F24,Xmalinche,TETI2,III-2022,24,etoh,8,2ml etoh,yes,5,0,0.0051,0.001,#1,3.3,0.87,0.71,wild
TETI2_III-2022_F24,Xmalinche,TETI2,III-2022,24,etoh,8,2ml etoh,yes,6,0,0.0051,0.001,#1,3.3,0.87,0.71,wild
TETI2_III-2022_F24,Xmalinche,TETI2,III-2022,24,etoh,8,2ml etoh,yes,7,5,0.0051,0.001,nerula faintly seen,3.3,0.87,0.71,wild
TETI2_III-2022_F24,Xmalinche,TETI2,III-2022,24,etoh,8,2ml etoh,yes,8,0,0.0048,0.001,#1,3.3,0.87,0.71,wild
CHICxCHIC_IV-2023_F1,malxmal,CHICxCHIC,IV-2023,1,etoh,26,2ml etoh,yes,1,30,0.0063,0.0098,caudal fin pigments,5.4,4.1,3.44,lab
CHICxCHIC_IV-2023_F1,malxmal,CHICxCHIC,IV-2023,1,etoh,26,2ml etoh,yes,2,30,0.0057,0.0098,caudal fin pigments,5.4,4.1,3.44,lab
CHICxCHIC_IV-2023_F1,malxmal,CHICxCHIC,IV-2023,1,etoh,26,2ml etoh,yes,3,30,0.0059,0.0098,caudal fin pigments,5.4,4.1,3.44,lab
CHICxCHIC_IV-2023_F1,malxmal,CHICxCHIC,IV-2023,1,etoh,26,2ml etoh,yes,4,30,0.0058,0.0098,caudal fin pigments,5.4,4.1,3.44,lab
CHICxCHIC_IV-2023_F1,malxmal,CHICxCHIC,IV-2023,1,etoh,26,2ml etoh,yes,5,30,0.0067,0.0098,caudal fin pigments,5.4,4.1,3.44,lab
CHICxCHIC_IV-2023_F1,malxmal,CHICxCHIC,IV-2023,1,etoh,26,2ml etoh,yes,6,30,0.0049,0.0098,caudal fin pigments,5.4,4.1,3.44,lab
CHICxCHIC_IV-2023_F1,malxmal,CHICxCHIC,IV-2023,1,etoh,26,2ml etoh,yes,7,30,0.0065,0.0098,caudal fin pigments,5.4,4.1,3.44,lab
CHICxCHIC_IV-2023_F1,malxmal,CHICxCHIC,IV-2023,1,etoh,26,2ml etoh,yes,8,30,0.0064,0.0098,caudal fin pigments,5.4,4.1,3.44,lab
CHICxCHIC_IV-2023_F1,malxmal,CHICxCHIC,IV-2023,1,etoh,26,2ml etoh,yes,9,30,0.0068,0.0098,caudal fin pigments,5.4,4.1,3.44,lab
CHICxCHIC_IV-2023_F1,malxmal,CHICxCHIC,IV-2023,1,etoh,26,2ml etoh,yes,10,30,0.0065,0.0098,caudal fin pigments,5.4,4.1,3.44,lab
CHICxCHIC_IV-2023_F1,malxmal,CHICxCHIC,IV-2023,1,etoh,26,2ml etoh,yes,11,30,0.0063,0.0098,caudal fin pigments,5.4,4.1,3.44,lab
CHICxCHIC_IV-2023_F1,malxmal,CHICxCHIC,IV-2023,1,etoh,26,2ml etoh,yes,12,30,0.0059,0.0098,caudal fin pigments,5.4,4.1,3.44,lab
CHICxCHIC_IV-2023_F1,malxmal,CHICxCHIC,IV-2023,1,etoh,26,2ml etoh,yes,13,30,0.0064,0.0098,caudal fin pigments,5.4,4.1,3.44,lab
CHICxCHIC_IV-2023_F1,malxmal,CHICxCHIC,IV-2023,1,etoh,26,2ml etoh,yes,14,30,0.0061,0.0098,caudal fin pigments,5.4,4.1,3.44,lab
CHICxCHIC_IV-2023_F1,malxmal,CHICxCHIC,IV-2023,1,etoh,26,2ml etoh,yes,15,30,0.0064,0.0098,caudal fin pigments,5.4,4.1,3.44,lab
CHICxCHIC_IV-2023_F1,malxmal,CHICxCHIC,IV-2023,1,etoh,26,2ml etoh,yes,16,30,0.0062,0.0098,caudal fin pigments,5.4,4.1,3.44,lab
CHICxCHIC_IV-2023_F1,malxmal,CHICxCHIC,IV-2023,1,etoh,26,2ml etoh,yes,17,30,0.0063,0.0098,caudal fin pigments,5.4,4.1,3.44,lab
CHICxCHIC_IV-2023_F1,malxmal,CHICxCHIC,IV-2023,1,etoh,26,2ml etoh,yes,18,30,0.0066,0.0098,caudal fin pigments,5.4,4.1,3.44,lab
CHICxCHIC_IV-2023_F1,malxmal,CHICxCHIC,IV-2023,1,etoh,26,2ml etoh,yes,19,30,0.0062,0.0098,caudal fin pigments,5.4,4.1,3.44,lab
CHICxCHIC_IV-2023_F1,malxmal,CHICxCHIC,IV-2023,1,etoh,26,2ml etoh,yes,20,30,0.0064,0.0098,caudal fin pigments,5.4,4.1,3.44,lab
CHICxCHIC_IV-2023_F1,malxmal,CHICxCHIC,IV-2023,1,etoh,26,2ml etoh,yes,21,30,0.0053,0.0098,caudal fin pigments,5.4,4.1,3.44,lab
CHICxCHIC_IV-2023_F1,malxmal,CHICxCHIC,IV-2023,1,etoh,26,2ml etoh,yes,22,30,0.0061,0.0098,caudal fin pigments,5.4,4.1,3.44,lab
CHICxCHIC_IV-2023_F1,malxmal,CHICxCHIC,IV-2023,1,etoh,26,2ml etoh,yes,23,30,0.0061,0.0098,caudal fin pigments,5.4,4.1,3.44,lab
CHICxCHIC_IV-2023_F1,malxmal,CHICxCHIC,IV-2023,1,etoh,26,2ml etoh,yes,24,25,0.0054,0.0098,body pigments,5.4,4.1,3.44,lab
CHICxCHIC_IV-2023_F1,malxmal,CHICxCHIC,IV-2023,1,etoh,26,2ml etoh,yes,25,0,0.007,0.0098,even lipid distribution,5.4,4.1,3.44,lab
CHICxCHIC_IV-2023_F1,malxmal,CHICxCHIC,IV-2023,1,etoh,26,2ml etoh,yes,26,0,0.0066,0.0098,even lipid distribution,5.4,4.1,3.44,lab
CHICxCHIC_IV-2023_F2,malxmal,CHICxCHIC,IV-2023,2,etoh,19,2ml etoh,yes,1,35,0.0063,0.0087,pectoral fin pigments,4.9,3.16,2.61,lab
CHICxCHIC_IV-2023_F2,malxmal,CHICxCHIC,IV-2023,2,etoh,19,2ml etoh,yes,2,35,0.0065,0.0087,pectoral fin pigments,4.9,3.16,2.61,lab
CHICxCHIC_IV-2023_F2,malxmal,CHICxCHIC,IV-2023,2,etoh,19,2ml etoh,yes,3,35,0.0058,0.0087,pectoral fin pigments,4.9,3.16,2.61,lab
CHICxCHIC_IV-2023_F2,malxmal,CHICxCHIC,IV-2023,2,etoh,19,2ml etoh,yes,4,35,0.0059,0.0087,pectoral fin pigments,4.9,3.16,2.61,lab
CHICxCHIC_IV-2023_F2,malxmal,CHICxCHIC,IV-2023,2,etoh,19,2ml etoh,yes,5,35,0.0062,0.0087,pectoral fin pigments,4.9,3.16,2.61,lab
CHICxCHIC_IV-2023_F2,malxmal,CHICxCHIC,IV-2023,2,etoh,19,2ml etoh,yes,6,35,0.0058,0.0087,pectoral fin pigments,4.9,3.16,2.61,lab
CHICxCHIC_IV-2023_F2,malxmal,CHICxCHIC,IV-2023,2,etoh,19,2ml etoh,yes,7,35,0.0062,0.0087,pectoral fin pigments,4.9,3.16,2.61,lab
CHICxCHIC_IV-2023_F2,malxmal,CHICxCHIC,IV-2023,2,etoh,19,2ml etoh,yes,8,35,0.006,0.0087,pectoral fin pigments,4.9,3.16,2.61,lab
CHICxCHIC_IV-2023_F2,malxmal,CHICxCHIC,IV-2023,2,etoh,19,2ml etoh,yes,9,35,0.0056,0.0087,pectoral fin pigments,4.9,3.16,2.61,lab
CHICxCHIC_IV-2023_F2,malxmal,CHICxCHIC,IV-2023,2,etoh,19,2ml etoh,yes,10,35,0.0057,0.0087,pectoral fin pigments,4.9,3.16,2.61,lab
CHICxCHIC_IV-2023_F2,malxmal,CHICxCHIC,IV-2023,2,etoh,19,2ml etoh,yes,11,35,0.0062,0.0087,pectoral fin pigments,4.9,3.16,2.61,lab
CHICxCHIC_IV-2023_F2,malxmal,CHICxCHIC,IV-2023,2,etoh,19,2ml etoh,yes,12,35,0.0059,0.0087,pectoral fin pigments,4.9,3.16,2.61,lab
CHICxCHIC_IV-2023_F2,malxmal,CHICxCHIC,IV-2023,2,etoh,19,2ml etoh,yes,13,35,0.0062,0.0087,pectoral fin pigments,4.9,3.16,2.61,lab
CHICxCHIC_IV-2023_F2,malxmal,CHICxCHIC,IV-2023,2,etoh,19,2ml etoh,yes,14,35,0.0052,0.0087,pectoral fin pigments,4.9,3.16,2.61,lab
CHICxCHIC_IV-2023_F2,malxmal,CHICxCHIC,IV-2023,2,etoh,19,2ml etoh,yes,15,35,0.0055,0.0087,pectoral fin pigments,4.9,3.16,2.61,lab
CHICxCHIC_IV-2023_F2,malxmal,CHICxCHIC,IV-2023,2,etoh,19,2ml etoh,yes,16,35,0.0062,0.0087,pectoral fin pigments,4.9,3.16,2.61,lab
CHICxCHIC_IV-2023_F2,malxmal,CHICxCHIC,IV-2023,2,etoh,19,2ml etoh,yes,17,35,0.0059,0.0087,pectoral fin pigments,4.9,3.16,2.61,lab
CHICxCHIC_IV-2023_F2,malxmal,CHICxCHIC,IV-2023,2,etoh,19,2ml etoh,yes,18,0,0.0072,0.0087,even lipid distribution,4.9,3.16,2.61,lab
CHICxCHIC_IV-2023_F2,malxmal,CHICxCHIC,IV-2023,2,etoh,19,2ml etoh,yes,19,0,0.0071,0.0087,even lipid distribution,4.9,3.16,2.61,lab