brood_ID,species,population,collection,female_ID,fresh_or_etoh-preserved,brood_size,sample_storage,ovary_tissue_included,embryo_ID,stage,embryo_dry_weight_g,ovarian_tissue_dry_weight_g,comments,mother_std_length,mother_total_wet_mass,mother_no_ovary_wet_mass
CHICxCOAC-F1_IV-2023_F1,malxbir_F1,CHICxCOAC-F1,IV-2023,1,fresh,19,2ml etoh,no,1,35,0.0063,NA,"late 35, anal fin has a dot of pigment",5.3,3.4,2.92
CHICxCOAC-F1_IV-2023_F1,malxbir_F1,CHICxCOAC-F1,IV-2023,1,fresh,19,2ml etoh,no,2,35,0.006,NA,"late 35, anal fin has a dot of pigment",5.3,3.4,2.92
CHICxCOAC-F1_IV-2023_F1,malxbir_F1,CHICxCOAC-F1,IV-2023,1,fresh,19,2ml etoh,no,3,35,0.0054,NA,"late 35, anal fin has a dot of pigment",5.3,3.4,2.92
CHICxCOAC-F1_IV-2023_F1,malxbir_F1,CHICxCOAC-F1,IV-2023,1,fresh,19,2ml etoh,no,4,35,0.0059,NA,"late 35, anal fin has a dot of pigment",5.3,3.4,2.92
CHICxCOAC-F1_IV-2023_F1,malxbir_F1,CHICxCOAC-F1,IV-2023,1,fresh,19,2ml etoh,no,5,35,0.0067,NA,"late 35, anal fin has a dot of pigment",5.3,3.4,2.92
CHICxCOAC-F1_IV-2023_F1,malxbir_F1,CHICxCOAC-F1,IV-2023,1,fresh,19,2ml etoh,no,6,35,0.0039,NA,"late 35, anal fin has a dot of pigment",5.3,3.4,2.92
CHICxCOAC-F1_IV-2023_F1,malxbir_F1,CHICxCOAC-F1,IV-2023,1,fresh,19,2ml etoh,no,7,35,0.0052,NA,"late 35, anal fin has a dot of pigment",5.3,3.4,2.92
CHICxCOAC-F1_IV-2023_F1,malxbir_F1,CHICxCOAC-F1,IV-2023,1,fresh,19,2ml etoh,no,8,35,0.0068,NA,"late 35, anal fin has a dot of pigment",5.3,3.4,2.92
CHICxCOAC-F1_IV-2023_F1,malxbir_F1,CHICxCOAC-F1,IV-2023,1,fresh,19,2ml etoh,no,9,35,0.0057,NA,"late 35, anal fin has a dot of pigment",5.3,3.4,2.92
CHICxCOAC-F1_IV-2023_F1,malxbir_F1,CHICxCOAC-F1,IV-2023,1,fresh,19,2ml etoh,no,10,35,0.0063,NA,"late 35, anal fin has a dot of pigment",5.3,3.4,2.92
CHICxCOAC-F1_IV-2023_F1,malxbir_F1,CHICxCOAC-F1,IV-2023,1,fresh,19,2ml etoh,no,11,35,0.0061,NA,"late 35, anal fin has a dot of pigment",5.3,3.4,2.92
CHICxCOAC-F1_IV-2023_F1,malxbir_F1,CHICxCOAC-F1,IV-2023,1,fresh,19,2ml etoh,no,12,35,0.0059,NA,"late 35, anal fin has a dot of pigment",5.3,3.4,2.92
CHICxCOAC-F1_IV-2023_F1,malxbir_F1,CHICxCOAC-F1,IV-2023,1,fresh,19,2ml etoh,no,13,35,0.0062,NA,"late 35, anal fin has a dot of pigment",5.3,3.4,2.92
CHICxCOAC-F1_IV-2023_F1,malxbir_F1,CHICxCOAC-F1,IV-2023,1,fresh,19,2ml etoh,no,14,35,0.0061,NA,"late 35, anal fin has a dot of pigment",5.3,3.4,2.92
CHICxCOAC-F1_IV-2023_F1,malxbir_F1,CHICxCOAC-F1,IV-2023,1,fresh,19,2ml etoh,no,15,35,0.0059,NA,"late 35, anal fin has a dot of pigment",5.3,3.4,2.92
CHICxCOAC-F1_IV-2023_F1,malxbir_F1,CHICxCOAC-F1,IV-2023,1,fresh,19,2ml etoh,no,16,35,0.0062,NA,"late 35, anal fin has a dot of pigment",5.3,3.4,2.92
CHICxCOAC-F1_IV-2023_F1,malxbir_F1,CHICxCOAC-F1,IV-2023,1,fresh,19,2ml etoh,no,17,35,0.0069,NA,"late 35, anal fin has a dot of pigment",5.3,3.4,2.92
CHICxCOAC-F1_IV-2023_F1,malxbir_F1,CHICxCOAC-F1,IV-2023,1,fresh,19,2ml etoh,no,18,35,0.0053,NA,"late 35, anal fin has a dot of pigment",5.3,3.4,2.92
CHICxCOAC-F1_IV-2023_F1,malxbir_F1,CHICxCOAC-F1,IV-2023,1,fresh,19,2ml etoh,no,19,35,0.0069,NA,"late 35, anal fin has a dot of pigment",5.3,3.4,2.92
CHICxCOAC-F1_IV-2023_F2,malxbir_F1,CHICxCOAC-F1,IV-2023,2,etoh,38,2ml etoh,no,1,40,0.0058,NA,Note: embryos were difficult to distinguish due to being fragile possibly due to the preservative; dorsal/anal fin pigment (late 40),6,5.36,4.19
CHICxCOAC-F1_IV-2023_F2,malxbir_F1,CHICxCOAC-F1,IV-2023,2,etoh,38,2ml etoh,no,2,40,0.0062,NA,dorsal/anal fin pigment (late 40),6,5.36,4.19
CHICxCOAC-F1_IV-2023_F2,malxbir_F1,CHICxCOAC-F1,IV-2023,2,etoh,38,2ml etoh,no,3,40,0.0056,NA,dorsal/anal fin pigment (late 40),6,5.36,4.19
CHICxCOAC-F1_IV-2023_F2,malxbir_F1,CHICxCOAC-F1,IV-2023,2,etoh,38,2ml etoh,no,4,40,0.0062,NA,dorsal/anal fin pigment (late 40),6,5.36,4.19
CHICxCOAC-F1_IV-2023_F2,malxbir_F1,CHICxCOAC-F1,IV-2023,2,etoh,38,2ml etoh,no,5,40,0.0048,NA,dorsal/anal fin pigment (late 40),6,5.36,4.19
CHICxCOAC-F1_IV-2023_F2,malxbir_F1,CHICxCOAC-F1,IV-2023,2,etoh,38,2ml etoh,no,6,40,0.0045,NA,dorsal/anal fin pigment (late 40),6,5.36,4.19
CHICxCOAC-F1_IV-2023_F2,malxbir_F1,CHICxCOAC-F1,IV-2023,2,etoh,38,2ml etoh,no,7,35,0.0042,NA,pectoral fin pigment,6,5.36,4.19
CHICxCOAC-F1_IV-2023_F2,malxbir_F1,CHICxCOAC-F1,IV-2023,2,etoh,38,2ml etoh,no,8,35,0.0051,NA,pectoral fin pigment,6,5.36,4.19
CHICxCOAC-F1_IV-2023_F2,malxbir_F1,CHICxCOAC-F1,IV-2023,2,etoh,38,2ml etoh,no,9,40,0.0068,NA,dorsal/anal fin pigment,6,5.36,4.19
CHICxCOAC-F1_IV-2023_F2,malxbir_F1,CHICxCOAC-F1,IV-2023,2,etoh,38,2ml etoh,no,10,35,0.0042,NA,pectoral fin pigment,6,5.36,4.19
CHICxCOAC-F1_IV-2023_F2,malxbir_F1,CHICxCOAC-F1,IV-2023,2,etoh,38,2ml etoh,no,11,40,0.0053,NA,dorsal/anal fin pigment,6,5.36,4.19
CHICxCOAC-F1_IV-2023_F2,malxbir_F1,CHICxCOAC-F1,IV-2023,2,etoh,38,2ml etoh,no,12,35,0.0048,NA,pectoral fin pigment,6,5.36,4.19
CHICxCOAC-F1_IV-2023_F2,malxbir_F1,CHICxCOAC-F1,IV-2023,2,etoh,38,2ml etoh,no,13,35,0.0047,NA,pectoral fin pigment,6,5.36,4.19
CHICxCOAC-F1_IV-2023_F2,malxbir_F1,CHICxCOAC-F1,IV-2023,2,etoh,38,2ml etoh,no,14,35,0.0052,NA,pectoral fin pigment,6,5.36,4.19
CHICxCOAC-F1_IV-2023_F2,malxbir_F1,CHICxCOAC-F1,IV-2023,2,etoh,38,2ml etoh,no,15,35,0.0046,NA,pectoral fin pigment,6,5.36,4.19
CHICxCOAC-F1_IV-2023_F2,malxbir_F1,CHICxCOAC-F1,IV-2023,2,etoh,38,2ml etoh,no,16,35,0.0035,NA,pectoral fin pigment,6,5.36,4.19
CHICxCOAC-F1_IV-2023_F2,malxbir_F1,CHICxCOAC-F1,IV-2023,2,etoh,38,2ml etoh,no,17,40,0.0047,NA,dorsal/anal fin pigment,6,5.36,4.19
CHICxCOAC-F1_IV-2023_F2,malxbir_F1,CHICxCOAC-F1,IV-2023,2,etoh,38,2ml etoh,no,18,40,0.0067,NA,dorsal/anal fin pigment,6,5.36,4.19
CHICxCOAC-F1_IV-2023_F2,malxbir_F1,CHICxCOAC-F1,IV-2023,2,etoh,38,2ml etoh,no,19,40,0.005,NA,dorsal/anal fin pigment,6,5.36,4.19
CHICxCOAC-F1_IV-2023_F2,malxbir_F1,CHICxCOAC-F1,IV-2023,2,etoh,38,2ml etoh,no,20,40,0.0063,NA,dorsal/anal fin pigment,6,5.36,4.19
CHICxCOAC-F1_IV-2023_F2,malxbir_F1,CHICxCOAC-F1,IV-2023,2,etoh,38,2ml etoh,no,21,40,0.0045,NA,dorsal/anal fin pigment,6,5.36,4.19
CHICxCOAC-F1_IV-2023_F2,malxbir_F1,CHICxCOAC-F1,IV-2023,2,etoh,38,2ml etoh,no,22,40,0.0035,NA,dorsal/anal fin pigment,6,5.36,4.19
CHICxCOAC-F1_IV-2023_F2,malxbir_F1,CHICxCOAC-F1,IV-2023,2,etoh,38,2ml etoh,no,23,40,0.005,NA,dorsal/anal fin pigment,6,5.36,4.19
CHICxCOAC-F1_IV-2023_F2,malxbir_F1,CHICxCOAC-F1,IV-2023,2,etoh,38,2ml etoh,no,24,35,0.005,NA,pectoral fin pigment,6,5.36,4.19
CHICxCOAC-F1_IV-2023_F2,malxbir_F1,CHICxCOAC-F1,IV-2023,2,etoh,38,2ml etoh,no,25,35,0.0047,NA,pectoral fin pigment,6,5.36,4.19
CHICxCOAC-F1_IV-2023_F2,malxbir_F1,CHICxCOAC-F1,IV-2023,2,etoh,38,2ml etoh,no,26,35,0.006,NA,pectoral fin pigment,6,5.36,4.19
CHICxCOAC-F1_IV-2023_F2,malxbir_F1,CHICxCOAC-F1,IV-2023,2,etoh,38,2ml etoh,no,27,35,0.006,NA,pectoral fin pigment,6,5.36,4.19
CHICxCOAC-F1_IV-2023_F2,malxbir_F1,CHICxCOAC-F1,IV-2023,2,etoh,38,2ml etoh,no,28,35,0.0051,NA,pectoral fin pigment,6,5.36,4.19
CHICxCOAC-F1_IV-2023_F2,malxbir_F1,CHICxCOAC-F1,IV-2023,2,etoh,38,2ml etoh,no,29,40,0.0049,NA,dorsal/anal fin pigment,6,5.36,4.19
CHICxCOAC-F1_IV-2023_F2,malxbir_F1,CHICxCOAC-F1,IV-2023,2,etoh,38,2ml etoh,no,30,40,0.0061,NA,dorsal/anal fin pigment,6,5.36,4.19
CHICxCOAC-F1_IV-2023_F2,malxbir_F1,CHICxCOAC-F1,IV-2023,2,etoh,38,2ml etoh,no,31,35,0.0062,NA,pectoral fin pigment,6,5.36,4.19
CHICxCOAC-F1_IV-2023_F2,malxbir_F1,CHICxCOAC-F1,IV-2023,2,etoh,38,2ml etoh,no,32,35,0.0063,NA,pectoral fin pigment,6,5.36,4.19
CHICxCOAC-F1_IV-2023_F2,malxbir_F1,CHICxCOAC-F1,IV-2023,2,etoh,38,2ml etoh,no,33,35,0.0038,NA,pectoral fin pigment,6,5.36,4.19
CHICxCOAC-F1_IV-2023_F2,malxbir_F1,CHICxCOAC-F1,IV-2023,2,etoh,38,2ml etoh,no,34,40,0.009,NA,dorsal/anal fin pigment,6,5.36,4.19
CHICxCOAC-F1_IV-2023_F2,malxbir_F1,CHICxCOAC-F1,IV-2023,2,etoh,38,2ml etoh,no,35,40,0.0029,NA,dorsal/anal fin pigment; yolk missing,6,5.36,4.19
CHICxCOAC-F1_IV-2023_F2,malxbir_F1,CHICxCOAC-F1,IV-2023,2,etoh,38,2ml etoh,no,36,40,0.002,NA,dorsal/anal fin pigment; yolk missing,6,5.36,4.19
CHICxCOAC-F1_IV-2023_F2,malxbir_F1,CHICxCOAC-F1,IV-2023,2,etoh,38,2ml etoh,no,37,35,0.002,NA,pectoral fin pigment; yolk missing,6,5.36,4.19
CHICxCOAC-F1_IV-2023_F2,malxbir_F1,CHICxCOAC-F1,IV-2023,2,etoh,38,2ml etoh,no,38,35,0.0024,NA,pectoral fin pigment; yolk missing,6,5.36,4.19
COACxCOAC_IV-2023_F1,birxbir,COACxCOAC,IV-2023,1,etoh,10,2ml etoh,yes,1,35,0.0034,0.0051,pectoral fin pigments,4.4,2.05,1.78
COACxCOAC_IV-2023_F1,birxbir,COACxCOAC,IV-2023,1,etoh,10,2ml etoh,yes,2,35,0.0046,0.0051,pectoral fin pigments,4.4,2.05,1.78
COACxCOAC_IV-2023_F1,birxbir,COACxCOAC,IV-2023,1,etoh,10,2ml etoh,yes,3,35,0.005,0.0051,pectoral fin pigments,4.4,2.05,1.78
COACxCOAC_IV-2023_F1,birxbir,COACxCOAC,IV-2023,1,etoh,10,2ml etoh,yes,4,35,0.0045,0.0051,pectoral fin pigments,4.4,2.05,1.78
COACxCOAC_IV-2023_F1,birxbir,COACxCOAC,IV-2023,1,etoh,10,2ml etoh,yes,5,35,0.0043,0.0051,pectoral fin pigments,4.4,2.05,1.78
COACxCOAC_IV-2023_F1,birxbir,COACxCOAC,IV-2023,1,etoh,10,2ml etoh,yes,6,35,0.0049,0.0051,pectoral fin pigments,4.4,2.05,1.78
COACxCOAC_IV-2023_F1,birxbir,COACxCOAC,IV-2023,1,etoh,10,2ml etoh,yes,7,35,0.0046,0.0051,pectoral fin pigments,4.4,2.05,1.78
COACxCOAC_IV-2023_F1,birxbir,COACxCOAC,IV-2023,1,etoh,10,2ml etoh,yes,8,35,0.0049,0.0051,pectoral fin pigments,4.4,2.05,1.78
COACxCOAC_IV-2023_F1,birxbir,COACxCOAC,IV-2023,1,etoh,10,2ml etoh,yes,9,30,0.0046,0.0051,caudal fin pigments,4.4,2.05,1.78
COACxCOAC_IV-2023_F1,birxbir,COACxCOAC,IV-2023,1,etoh,10,2ml etoh,yes,10,25,0.0047,0.0051,body pigments,4.4,2.05,1.78
COACxCOAC_IV-2023_F2,birxbir,COACxCOAC,IV-2023,2,etoh,11,2ml etoh,yes,1,35,0.0018,0.0038,damaged; pectoral fin pigments,3.7,1.1,0.86
COACxCOAC_IV-2023_F2,birxbir,COACxCOAC,IV-2023,2,etoh,11,2ml etoh,yes,2,35,0.0013,0.0038,pectoral fin pigments,3.7,1.1,0.86
COACxCOAC_IV-2023_F2,birxbir,COACxCOAC,IV-2023,2,etoh,11,2ml etoh,yes,3,35,0.0037,0.0038,pectoral fin pigments,3.7,1.1,0.86
COACxCOAC_IV-2023_F2,birxbir,COACxCOAC,IV-2023,2,etoh,11,2ml etoh,yes,4,40,0.0035,0.0038,anal fin pigments (early 40),3.7,1.1,0.86
COACxCOAC_IV-2023_F2,birxbir,COACxCOAC,IV-2023,2,etoh,11,2ml etoh,yes,5,40,0.0033,0.0038,anal fin pigments (early 40),3.7,1.1,0.86
COACxCOAC_IV-2023_F2,birxbir,COACxCOAC,IV-2023,2,etoh,11,2ml etoh,yes,6,40,0.0036,0.0038,anal fin pigments (early 40),3.7,1.1,0.86
COACxCOAC_IV-2023_F2,birxbir,COACxCOAC,IV-2023,2,etoh,11,2ml etoh,yes,7,40,0.0035,0.0038,anal fin pigments (early 40),3.7,1.1,0.86
COACxCOAC_IV-2023_F2,birxbir,COACxCOAC,IV-2023,2,etoh,11,2ml etoh,yes,8,40,0.0037,0.0038,anal fin pigments (early 40),3.7,1.1,0.86
COACxCOAC_IV-2023_F2,birxbir,COACxCOAC,IV-2023,2,etoh,11,2ml etoh,yes,9,40,0.0037,0.0038,anal fin pigments (early 40),3.7,1.1,0.86
COACxCOAC_IV-2023_F2,birxbir,COACxCOAC,IV-2023,2,etoh,11,2ml etoh,yes,10,40,0.0035,0.0038,anal fin pigments (early 40),3.7,1.1,0.86
COACxCOAC_IV-2023_F2,birxbir,COACxCOAC,IV-2023,2,etoh,11,2ml etoh,yes,11,40,0.0038,0.0038,anal fin pigments (early 40),3.7,1.1,0.86
CHICxCHIC_IV-2023_F1,malxmal,CHICxCHIC,IV-2023,1,etoh,26,2ml etoh,yes,1,30,0.0063,0.0098,caudal fin pigments,5.4,4.1,3.44
CHICxCHIC_IV-2023_F1,malxmal,CHICxCHIC,IV-2023,1,etoh,26,2ml etoh,yes,2,30,0.0057,0.0098,caudal fin pigments,5.4,4.1,3.44
CHICxCHIC_IV-2023_F1,malxmal,CHICxCHIC,IV-2023,1,etoh,26,2ml etoh,yes,3,30,0.0059,0.0098,caudal fin pigments,5.4,4.1,3.44
CHICxCHIC_IV-2023_F1,malxmal,CHICxCHIC,IV-2023,1,etoh,26,2ml etoh,yes,4,30,0.0058,0.0098,caudal fin pigments,5.4,4.1,3.44
CHICxCHIC_IV-2023_F1,malxmal,CHICxCHIC,IV-2023,1,etoh,26,2ml etoh,yes,5,30,0.0067,0.0098,caudal fin pigments,5.4,4.1,3.44
CHICxCHIC_IV-2023_F1,malxmal,CHICxCHIC,IV-2023,1,etoh,26,2ml etoh,yes,6,30,0.0049,0.0098,caudal fin pigments,5.4,4.1,3.44
CHICxCHIC_IV-2023_F1,malxmal,CHICxCHIC,IV-2023,1,etoh,26,2ml etoh,yes,7,30,0.0065,0.0098,caudal fin pigments,5.4,4.1,3.44
CHICxCHIC_IV-2023_F1,malxmal,CHICxCHIC,IV-2023,1,etoh,26,2ml etoh,yes,8,30,0.0064,0.0098,caudal fin pigments,5.4,4.1,3.44
CHICxCHIC_IV-2023_F1,malxmal,CHICxCHIC,IV-2023,1,etoh,26,2ml etoh,yes,9,30,0.0068,0.0098,caudal fin pigments,5.4,4.1,3.44
CHICxCHIC_IV-2023_F1,malxmal,CHICxCHIC,IV-2023,1,etoh,26,2ml etoh,yes,10,30,0.0065,0.0098,caudal fin pigments,5.4,4.1,3.44
CHICxCHIC_IV-2023_F1,malxmal,CHICxCHIC,IV-2023,1,etoh,26,2ml etoh,yes,11,30,0.0063,0.0098,caudal fin pigments,5.4,4.1,3.44
CHICxCHIC_IV-2023_F1,malxmal,CHICxCHIC,IV-2023,1,etoh,26,2ml etoh,yes,12,30,0.0059,0.0098,caudal fin pigments,5.4,4.1,3.44
CHICxCHIC_IV-2023_F1,malxmal,CHICxCHIC,IV-2023,1,etoh,26,2ml etoh,yes,13,30,0.0064,0.0098,caudal fin pigments,5.4,4.1,3.44
CHICxCHIC_IV-2023_F1,malxmal,CHICxCHIC,IV-2023,1,etoh,26,2ml etoh,yes,14,30,0.0061,0.0098,caudal fin pigments,5.4,4.1,3.44
CHICxCHIC_IV-2023_F1,malxmal,CHICxCHIC,IV-2023,1,etoh,26,2ml etoh,yes,15,30,0.0064,0.0098,caudal fin pigments,5.4,4.1,3.44
CHICxCHIC_IV-2023_F1,malxmal,CHICxCHIC,IV-2023,1,etoh,26,2ml etoh,yes,16,30,0.0062,0.0098,caudal fin pigments,5.4,4.1,3.44
CHICxCHIC_IV-2023_F1,malxmal,CHICxCHIC,IV-2023,1,etoh,26,2ml etoh,yes,17,30,0.0063,0.0098,caudal fin pigments,5.4,4.1,3.44
CHICxCHIC_IV-2023_F1,malxmal,CHICxCHIC,IV-2023,1,etoh,26,2ml etoh,yes,18,30,0.0066,0.0098,caudal fin pigments,5.4,4.1,3.44
CHICxCHIC_IV-2023_F1,malxmal,CHICxCHIC,IV-2023,1,etoh,26,2ml etoh,yes,19,30,0.0062,0.0098,caudal fin pigments,5.4,4.1,3.44
CHICxCHIC_IV-2023_F1,malxmal,CHICxCHIC,IV-2023,1,etoh,26,2ml etoh,yes,20,30,0.0064,0.0098,caudal fin pigments,5.4,4.1,3.44
CHICxCHIC_IV-2023_F1,malxmal,CHICxCHIC,IV-2023,1,etoh,26,2ml etoh,yes,21,30,0.0053,0.0098,caudal fin pigments,5.4,4.1,3.44
CHICxCHIC_IV-2023_F1,malxmal,CHICxCHIC,IV-2023,1,etoh,26,2ml etoh,yes,22,30,0.0061,0.0098,caudal fin pigments,5.4,4.1,3.44
CHICxCHIC_IV-2023_F1,malxmal,CHICxCHIC,IV-2023,1,etoh,26,2ml etoh,yes,23,30,0.0061,0.0098,caudal fin pigments,5.4,4.1,3.44
CHICxCHIC_IV-2023_F1,malxmal,CHICxCHIC,IV-2023,1,etoh,26,2ml etoh,yes,24,25,0.0054,0.0098,body pigments,5.4,4.1,3.44
CHICxCHIC_IV-2023_F1,malxmal,CHICxCHIC,IV-2023,1,etoh,26,2ml etoh,yes,25,0,0.007,0.0098,even lipid distribution,5.4,4.1,3.44
CHICxCHIC_IV-2023_F1,malxmal,CHICxCHIC,IV-2023,1,etoh,26,2ml etoh,yes,26,0,0.0066,0.0098,even lipid distribution,5.4,4.1,3.44
CHICxCHIC_IV-2023_F2,malxmal,CHICxCHIC,IV-2023,2,etoh,19,2ml etoh,yes,1,35,0.0063,0.0087,pectoral fin pigments,4.9,3.16,2.61
CHICxCHIC_IV-2023_F2,malxmal,CHICxCHIC,IV-2023,2,etoh,19,2ml etoh,yes,2,35,0.0065,0.0087,pectoral fin pigments,4.9,3.16,2.61
CHICxCHIC_IV-2023_F2,malxmal,CHICxCHIC,IV-2023,2,etoh,19,2ml etoh,yes,3,35,0.0058,0.0087,pectoral fin pigments,4.9,3.16,2.61
CHICxCHIC_IV-2023_F2,malxmal,CHICxCHIC,IV-2023,2,etoh,19,2ml etoh,yes,4,35,0.0059,0.0087,pectoral fin pigments,4.9,3.16,2.61
CHICxCHIC_IV-2023_F2,malxmal,CHICxCHIC,IV-2023,2,etoh,19,2ml etoh,yes,5,35,0.0062,0.0087,pectoral fin pigments,4.9,3.16,2.61
CHICxCHIC_IV-2023_F2,malxmal,CHICxCHIC,IV-2023,2,etoh,19,2ml etoh,yes,6,35,0.0058,0.0087,pectoral fin pigments,4.9,3.16,2.61
CHICxCHIC_IV-2023_F2,malxmal,CHICxCHIC,IV-2023,2,etoh,19,2ml etoh,yes,7,35,0.0062,0.0087,pectoral fin pigments,4.9,3.16,2.61
CHICxCHIC_IV-2023_F2,malxmal,CHICxCHIC,IV-2023,2,etoh,19,2ml etoh,yes,8,35,0.006,0.0087,pectoral fin pigments,4.9,3.16,2.61
CHICxCHIC_IV-2023_F2,malxmal,CHICxCHIC,IV-2023,2,etoh,19,2ml etoh,yes,9,35,0.0056,0.0087,pectoral fin pigments,4.9,3.16,2.61
CHICxCHIC_IV-2023_F2,malxmal,CHICxCHIC,IV-2023,2,etoh,19,2ml etoh,yes,10,35,0.0057,0.0087,pectoral fin pigments,4.9,3.16,2.61
CHICxCHIC_IV-2023_F2,malxmal,CHICxCHIC,IV-2023,2,etoh,19,2ml etoh,yes,11,35,0.0062,0.0087,pectoral fin pigments,4.9,3.16,2.61
CHICxCHIC_IV-2023_F2,malxmal,CHICxCHIC,IV-2023,2,etoh,19,2ml etoh,yes,12,35,0.0059,0.0087,pectoral fin pigments,4.9,3.16,2.61
CHICxCHIC_IV-2023_F2,malxmal,CHICxCHIC,IV-2023,2,etoh,19,2ml etoh,yes,13,35,0.0062,0.0087,pectoral fin pigments,4.9,3.16,2.61
CHICxCHIC_IV-2023_F2,malxmal,CHICxCHIC,IV-2023,2,etoh,19,2ml etoh,yes,14,35,0.0052,0.0087,pectoral fin pigments,4.9,3.16,2.61
CHICxCHIC_IV-2023_F2,malxmal,CHICxCHIC,IV-2023,2,etoh,19,2ml etoh,yes,15,35,0.0055,0.0087,pectoral fin pigments,4.9,3.16,2.61
CHICxCHIC_IV-2023_F2,malxmal,CHICxCHIC,IV-2023,2,etoh,19,2ml etoh,yes,16,35,0.0062,0.0087,pectoral fin pigments,4.9,3.16,2.61
CHICxCHIC_IV-2023_F2,malxmal,CHICxCHIC,IV-2023,2,etoh,19,2ml etoh,yes,17,35,0.0059,0.0087,pectoral fin pigments,4.9,3.16,2.61
CHICxCHIC_IV-2023_F2,malxmal,CHICxCHIC,IV-2023,2,etoh,19,2ml etoh,yes,18,0,0.0072,0.0087,even lipid distribution,4.9,3.16,2.61
CHICxCHIC_IV-2023_F2,malxmal,CHICxCHIC,IV-2023,2,etoh,19,2ml etoh,yes,19,0,0.0071,0.0087,even lipid distribution,4.9,3.16,2.61
COACXCHIC-F1_V-2023_F1,birxmal_F1,COACXCHIC-F1_,V-2023,1,etoh,16,2ml etoh,yes,1,25,0.0035,0.0027,body pigmentation,3.7,NA,NA
COACXCHIC-F1_V-2023_F1,birxmal_F1,COACXCHIC-F1_,V-2023,1,etoh,16,2ml etoh,yes,2,25,0.0029,0.0027,body pigmentation,3.7,NA,NA
COACXCHIC-F1_V-2023_F1,birxmal_F1,COACXCHIC-F1_,V-2023,1,etoh,16,2ml etoh,yes,3,25,0.0032,0.0027,body pigmentation,3.7,NA,NA
COACXCHIC-F1_V-2023_F1,birxmal_F1,COACXCHIC-F1_,V-2023,1,etoh,16,2ml etoh,yes,4,25,0.0043,0.0027,body pigmentation,3.7,NA,NA
COACXCHIC-F1_V-2023_F1,birxmal_F1,COACXCHIC-F1_,V-2023,1,etoh,16,2ml etoh,yes,5,25,0.0032,0.0027,body pigmentation,3.7,NA,NA
COACXCHIC-F1_V-2023_F1,birxmal_F1,COACXCHIC-F1_,V-2023,1,etoh,16,2ml etoh,yes,6,25,0.0033,0.0027,body pigmentation,3.7,NA,NA
COACXCHIC-F1_V-2023_F1,birxmal_F1,COACXCHIC-F1_,V-2023,1,etoh,16,2ml etoh,yes,7,25,0.0036,0.0027,body pigmentation,3.7,NA,NA
COACXCHIC-F1_V-2023_F1,birxmal_F1,COACXCHIC-F1_,V-2023,1,etoh,16,2ml etoh,yes,8,25,0.003,0.0027,body pigmentation,3.7,NA,NA
COACXCHIC-F1_V-2023_F1,birxmal_F1,COACXCHIC-F1_,V-2023,1,etoh,16,2ml etoh,yes,9,25,0.0036,0.0027,body pigmentation,3.7,NA,NA
COACXCHIC-F1_V-2023_F1,birxmal_F1,COACXCHIC-F1_,V-2023,1,etoh,16,2ml etoh,yes,10,25,0.0034,0.0027,body pigmentation,3.7,NA,NA
COACXCHIC-F1_V-2023_F1,birxmal_F1,COACXCHIC-F1_,V-2023,1,etoh,16,2ml etoh,yes,11,25,0.0029,0.0027,body pigmentation,3.7,NA,NA
COACXCHIC-F1_V-2023_F1,birxmal_F1,COACXCHIC-F1_,V-2023,1,etoh,16,2ml etoh,yes,12,25,0.0034,0.0027,body pigmentation,3.7,NA,NA
COACXCHIC-F1_V-2023_F1,birxmal_F1,COACXCHIC-F1_,V-2023,1,etoh,16,2ml etoh,yes,13,30,0.001,0.0027,"fragile, slight caudal pigment",3.7,NA,NA
COACXCHIC-F1_V-2023_F1,birxmal_F1,COACXCHIC-F1_,V-2023,1,etoh,16,2ml etoh,yes,14,30,0.0004,0.0027,"fragile, slight caudal pigment",3.7,NA,NA
COACXCHIC-F1_V-2023_F1,birxmal_F1,COACXCHIC-F1_,V-2023,1,etoh,16,2ml etoh,yes,15,30,0.0013,0.0027,"fragile, slight caudal pigment",3.7,NA,NA
COACXCHIC-F1_V-2023_F1,birxmal_F1,COACXCHIC-F1_,V-2023,1,etoh,16,2ml etoh,yes,16,30,0.0033,0.0027,slight caudal pigment,3.7,NA,NA
COACXCHIC-F1_V-2023_F2,birxmal_F1,COACXCHIC-F1_,V-2023,2,etoh,8,2ml etoh,yes,1,0,0.005,0.0014,even lipid distribution,3.3,0.834,0.788
COACXCHIC-F1_V-2023_F2,birxmal_F1,COACXCHIC-F1_,V-2023,2,etoh,8,2ml etoh,yes,2,0,0.0052,0.0014,even lipid distribution,3.3,0.834,0.788
COACXCHIC-F1_V-2023_F2,birxmal_F1,COACXCHIC-F1_,V-2023,2,etoh,8,2ml etoh,yes,3,0,0.0051,0.0014,even lipid distribution,3.3,0.834,0.788
COACXCHIC-F1_V-2023_F2,birxmal_F1,COACXCHIC-F1_,V-2023,2,etoh,8,2ml etoh,yes,4,0,0.0046,0.0014,even lipid distribution,3.3,0.834,0.788
COACXCHIC-F1_V-2023_F2,birxmal_F1,COACXCHIC-F1_,V-2023,2,etoh,8,2ml etoh,yes,5,0,0.0048,0.0014,even lipid distribution,3.3,0.834,0.788
COACXCHIC-F1_V-2023_F2,birxmal_F1,COACXCHIC-F1_,V-2023,2,etoh,8,2ml etoh,yes,6,0,0.0051,0.0014,even lipid distribution,3.3,0.834,0.788
COACXCHIC-F1_V-2023_F2,birxmal_F1,COACXCHIC-F1_,V-2023,2,etoh,8,2ml etoh,yes,7,0,0.0048,0.0014,even lipid distribution,3.3,0.834,0.788
COACXCHIC-F1_V-2023_F2,birxmal_F1,COACXCHIC-F1_,V-2023,2,etoh,8,2ml etoh,yes,8,0,0.0046,0.0014,even lipid distribution,3.3,0.834,0.788
COACXCHIC-F1_V-2023_F3,birxmal_F1,COACXCHIC-F1_,V-2023,3,etoh,16,2ml etoh,yes,1,0,0.0034,0.0031,even lipid distribution,3.7,1.256,1.074
COACXCHIC-F1_V-2023_F3,birxmal_F1,COACXCHIC-F1_,V-2023,3,etoh,16,2ml etoh,yes,2,0,0.0035,0.0031,even lipid distribution,3.7,1.256,1.074
COACXCHIC-F1_V-2023_F3,birxmal_F1,COACXCHIC-F1_,V-2023,3,etoh,16,2ml etoh,yes,3,0,0.0034,0.0031,even lipid distribution,3.7,1.256,1.074
COACXCHIC-F1_V-2023_F3,birxmal_F1,COACXCHIC-F1_,V-2023,3,etoh,16,2ml etoh,yes,4,0,0.0035,0.0031,even lipid distribution,3.7,1.256,1.074
COACXCHIC-F1_V-2023_F3,birxmal_F1,COACXCHIC-F1_,V-2023,3,etoh,16,2ml etoh,yes,5,0,0.0036,0.0031,even lipid distribution,3.7,1.256,1.074
COACXCHIC-F1_V-2023_F3,birxmal_F1,COACXCHIC-F1_,V-2023,3,etoh,16,2ml etoh,yes,6,0,0.0037,0.0031,even lipid distribution,3.7,1.256,1.074
COACXCHIC-F1_V-2023_F3,birxmal_F1,COACXCHIC-F1_,V-2023,3,etoh,16,2ml etoh,yes,7,0,0.0037,0.0031,even lipid distribution,3.7,1.256,1.074
COACXCHIC-F1_V-2023_F3,birxmal_F1,COACXCHIC-F1_,V-2023,3,etoh,16,2ml etoh,yes,8,0,0.0036,0.0031,even lipid distribution,3.7,1.256,1.074
COACXCHIC-F1_V-2023_F3,birxmal_F1,COACXCHIC-F1_,V-2023,3,etoh,16,2ml etoh,yes,9,0,0.0038,0.0031,even lipid distribution,3.7,1.256,1.074
COACXCHIC-F1_V-2023_F3,birxmal_F1,COACXCHIC-F1_,V-2023,3,etoh,16,2ml etoh,yes,10,0,0.0041,0.0031,even lipid distribution,3.7,1.256,1.074
COACXCHIC-F1_V-2023_F3,birxmal_F1,COACXCHIC-F1_,V-2023,3,etoh,16,2ml etoh,yes,11,0,0.0037,0.0031,even lipid distribution,3.7,1.256,1.074
COACXCHIC-F1_V-2023_F3,birxmal_F1,COACXCHIC-F1_,V-2023,3,etoh,16,2ml etoh,yes,12,0,0.0035,0.0031,even lipid distribution,3.7,1.256,1.074
COACXCHIC-F1_V-2023_F3,birxmal_F1,COACXCHIC-F1_,V-2023,3,etoh,16,2ml etoh,yes,13,0,0.0035,0.0031,even lipid distribution,3.7,1.256,1.074
COACXCHIC-F1_V-2023_F3,birxmal_F1,COACXCHIC-F1_,V-2023,3,etoh,16,2ml etoh,yes,14,0,0.0037,0.0031,even lipid distribution,3.7,1.256,1.074
COACXCHIC-F1_V-2023_F3,birxmal_F1,COACXCHIC-F1_,V-2023,3,etoh,16,2ml etoh,yes,15,0,0.0034,0.0031,even lipid distribution,3.7,1.256,1.074
COACXCHIC-F1_V-2023_F3,birxmal_F1,COACXCHIC-F1_,V-2023,3,etoh,16,2ml etoh,yes,16,0,0.0035,0.0031,even lipid distribution,3.7,1.256,1.074
COACXCHIC-F1_V-2023_F4,birxmal_F1,COACXCHIC-F1_,V-2023,4,etoh,15,2ml etoh,yes,1,0,0.0033,0.0026,even lipid distribution,3.5,1.062,0.86
COACXCHIC-F1_V-2023_F4,birxmal_F1,COACXCHIC-F1_,V-2023,4,etoh,15,2ml etoh,yes,2,0,0.0048,0.0026,even lipid distribution,3.5,1.062,0.86
COACXCHIC-F1_V-2023_F4,birxmal_F1,COACXCHIC-F1_,V-2023,4,etoh,15,2ml etoh,yes,3,0,0.0039,0.0026,even lipid distribution,3.5,1.062,0.86
COACXCHIC-F1_V-2023_F4,birxmal_F1,COACXCHIC-F1_,V-2023,4,etoh,15,2ml etoh,yes,4,0,0.0033,0.0026,even lipid distribution,3.5,1.062,0.86
COACXCHIC-F1_V-2023_F4,birxmal_F1,COACXCHIC-F1_,V-2023,4,etoh,15,2ml etoh,yes,5,0,0.0031,0.0026,even lipid distribution,3.5,1.062,0.86
COACXCHIC-F1_V-2023_F4,birxmal_F1,COACXCHIC-F1_,V-2023,4,etoh,15,2ml etoh,yes,6,0,0.0051,0.0026,even lipid distribution,3.5,1.062,0.86
COACXCHIC-F1_V-2023_F4,birxmal_F1,COACXCHIC-F1_,V-2023,4,etoh,15,2ml etoh,yes,7,0,0.0033,0.0026,even lipid distribution,3.5,1.062,0.86
COACXCHIC-F1_V-2023_F4,birxmal_F1,COACXCHIC-F1_,V-2023,4,etoh,15,2ml etoh,yes,8,0,0.0042,0.0026,even lipid distribution,3.5,1.062,0.86
COACXCHIC-F1_V-2023_F4,birxmal_F1,COACXCHIC-F1_,V-2023,4,etoh,15,2ml etoh,yes,9,0,0.0043,0.0026,even lipid distribution,3.5,1.062,0.86
COACXCHIC-F1_V-2023_F4,birxmal_F1,COACXCHIC-F1_,V-2023,4,etoh,15,2ml etoh,yes,10,0,0.0043,0.0026,even lipid distribution,3.5,1.062,0.86
COACXCHIC-F1_V-2023_F4,birxmal_F1,COACXCHIC-F1_,V-2023,4,etoh,15,2ml etoh,yes,11,0,0.0049,0.0026,even lipid distribution,3.5,1.062,0.86
COACXCHIC-F1_V-2023_F4,birxmal_F1,COACXCHIC-F1_,V-2023,4,etoh,15,2ml etoh,yes,12,0,0.0037,0.0026,even lipid distribution,3.5,1.062,0.86
COACXCHIC-F1_V-2023_F4,birxmal_F1,COACXCHIC-F1_,V-2023,4,etoh,15,2ml etoh,yes,13,0,0.0038,0.0026,even lipid distribution,3.5,1.062,0.86
COACXCHIC-F1_V-2023_F4,birxmal_F1,COACXCHIC-F1_,V-2023,4,etoh,15,2ml etoh,yes,14,0,0.005,0.0026,even lipid distribution,3.5,1.062,0.86
COACXCHIC-F1_V-2023_F4,birxmal_F1,COACXCHIC-F1_,V-2023,4,etoh,15,2ml etoh,yes,15,0,0.0046,0.0026,even lipid distribution,3.5,1.062,0.86
COACXCHIC-F1_V-2023_F5,birxmal_F1,COACXCHIC-F1_,V-2023,5,etoh,20,2ml etoh,yes,1,15,0.0042,0.0027,faint eye pigmentation,3.6,1.209,0.943
COACXCHIC-F1_V-2023_F5,birxmal_F1,COACXCHIC-F1_,V-2023,5,etoh,20,2ml etoh,yes,2,15,0.0042,0.0027,faint eye pigmentation,3.6,1.209,0.943
COACXCHIC-F1_V-2023_F5,birxmal_F1,COACXCHIC-F1_,V-2023,5,etoh,20,2ml etoh,yes,3,15,0.0045,0.0027,faint eye pigmentation,3.6,1.209,0.943
COACXCHIC-F1_V-2023_F5,birxmal_F1,COACXCHIC-F1_,V-2023,5,etoh,20,2ml etoh,yes,4,15,0.0044,0.0027,faint eye pigmentation,3.6,1.209,0.943
COACXCHIC-F1_V-2023_F5,birxmal_F1,COACXCHIC-F1_,V-2023,5,etoh,20,2ml etoh,yes,5,15,0.0042,0.0027,faint eye pigmentation,3.6,1.209,0.943
COACXCHIC-F1_V-2023_F5,birxmal_F1,COACXCHIC-F1_,V-2023,5,etoh,20,2ml etoh,yes,6,15,0.0044,0.0027,faint eye pigmentation,3.6,1.209,0.943
COACXCHIC-F1_V-2023_F5,birxmal_F1,COACXCHIC-F1_,V-2023,5,etoh,20,2ml etoh,yes,7,15,0.0041,0.0027,faint eye pigmentation,3.6,1.209,0.943
COACXCHIC-F1_V-2023_F5,birxmal_F1,COACXCHIC-F1_,V-2023,5,etoh,20,2ml etoh,yes,8,10,0.004,0.0027,optic cups present,3.6,1.209,0.943
COACXCHIC-F1_V-2023_F5,birxmal_F1,COACXCHIC-F1_,V-2023,5,etoh,20,2ml etoh,yes,9,10,0.0051,0.0027,optic cups present,3.6,1.209,0.943
COACXCHIC-F1_V-2023_F5,birxmal_F1,COACXCHIC-F1_,V-2023,5,etoh,20,2ml etoh,yes,10,10,0.0044,0.0027,optic cups present,3.6,1.209,0.943
COACXCHIC-F1_V-2023_F5,birxmal_F1,COACXCHIC-F1_,V-2023,5,etoh,20,2ml etoh,yes,11,0,0.0046,0.0027,even lipid distribution,3.6,1.209,0.943
COACXCHIC-F1_V-2023_F5,birxmal_F1,COACXCHIC-F1_,V-2023,5,etoh,20,2ml etoh,yes,12,0,0.0042,0.0027,even lipid distribution,3.6,1.209,0.943
COACXCHIC-F1_V-2023_F5,birxmal_F1,COACXCHIC-F1_,V-2023,5,etoh,20,2ml etoh,yes,13,0,0.0043,0.0027,even lipid distribution,3.6,1.209,0.943
COACXCHIC-F1_V-2023_F5,birxmal_F1,COACXCHIC-F1_,V-2023,5,etoh,20,2ml etoh,yes,14,0,0.0038,0.0027,even lipid distribution,3.6,1.209,0.943
COACXCHIC-F1_V-2023_F5,birxmal_F1,COACXCHIC-F1_,V-2023,5,etoh,20,2ml etoh,yes,15,0,0.0039,0.0027,even lipid distribution,3.6,1.209,0.943
COACXCHIC-F1_V-2023_F5,birxmal_F1,COACXCHIC-F1_,V-2023,5,etoh,20,2ml etoh,yes,16,0,0.0047,0.0027,even lipid distribution,3.6,1.209,0.943
COACXCHIC-F1_V-2023_F5,birxmal_F1,COACXCHIC-F1_,V-2023,5,etoh,20,2ml etoh,yes,17,0,0.0034,0.0027,even lipid distribution,3.6,1.209,0.943
COACXCHIC-F1_V-2023_F5,birxmal_F1,COACXCHIC-F1_,V-2023,5,etoh,20,2ml etoh,yes,18,0,0.0043,0.0027,even lipid distribution,3.6,1.209,0.943
COACXCHIC-F1_V-2023_F5,birxmal_F1,COACXCHIC-F1_,V-2023,5,etoh,20,2ml etoh,yes,19,0,0.0035,0.0027,even lipid distribution,3.6,1.209,0.943
COACXCHIC-F1_V-2023_F5,birxmal_F1,COACXCHIC-F1_,V-2023,5,etoh,20,2ml etoh,yes,20,0,0.004,0.0027,even lipid distribution,3.6,1.209,0.943
COACXCHIC-F1_V-2023_F6,birxmal_F1,COACXCHIC-F1_,V-2023,6,etoh,14,2ml etoh,yes,1,0,0.0044,0.0048,even lipid distribution,3.7,1.173,0.952
COACXCHIC-F1_V-2023_F6,birxmal_F1,COACXCHIC-F1_,V-2023,6,etoh,14,2ml etoh,yes,2,20,0.0037,0.0048,eye pigmentation,3.7,1.173,0.952
COACXCHIC-F1_V-2023_F6,birxmal_F1,COACXCHIC-F1_,V-2023,6,etoh,14,2ml etoh,yes,3,20,0.004,0.0048,eye pigmentation,3.7,1.173,0.952
COACXCHIC-F1_V-2023_F6,birxmal_F1,COACXCHIC-F1_,V-2023,6,etoh,14,2ml etoh,yes,4,25,0.004,0.0048,"head pigmentation, early 25",3.7,1.173,0.952
COACXCHIC-F1_V-2023_F6,birxmal_F1,COACXCHIC-F1_,V-2023,6,etoh,14,2ml etoh,yes,5,25,0.0037,0.0048,"head pigmentation, early 25",3.7,1.173,0.952
COACXCHIC-F1_V-2023_F6,birxmal_F1,COACXCHIC-F1_,V-2023,6,etoh,14,2ml etoh,yes,6,25,0.0043,0.0048,"head pigmentation, early 25",3.7,1.173,0.952
COACXCHIC-F1_V-2023_F6,birxmal_F1,COACXCHIC-F1_,V-2023,6,etoh,14,2ml etoh,yes,7,25,0.004,0.0048,"head pigmentation, early 25",3.7,1.173,0.952
COACXCHIC-F1_V-2023_F6,birxmal_F1,COACXCHIC-F1_,V-2023,6,etoh,14,2ml etoh,yes,8,25,0.004,0.0048,"head pigmentation, early 25",3.7,1.173,0.952
COACXCHIC-F1_V-2023_F6,birxmal_F1,COACXCHIC-F1_,V-2023,6,etoh,14,2ml etoh,yes,9,25,0.0039,0.0048,"head pigmentation, early 25",3.7,1.173,0.952
COACXCHIC-F1_V-2023_F6,birxmal_F1,COACXCHIC-F1_,V-2023,6,etoh,14,2ml etoh,yes,10,25,0.0046,0.0048,"head pigmentation, early 25",3.7,1.173,0.952
COACXCHIC-F1_V-2023_F6,birxmal_F1,COACXCHIC-F1_,V-2023,6,etoh,14,2ml etoh,yes,11,25,0.0042,0.0048,"head pigmentation, early 25",3.7,1.173,0.952
COACXCHIC-F1_V-2023_F6,birxmal_F1,COACXCHIC-F1_,V-2023,6,etoh,14,2ml etoh,yes,12,25,0.0036,0.0048,"head pigmentation, early 25",3.7,1.173,0.952
COACXCHIC-F1_V-2023_F6,birxmal_F1,COACXCHIC-F1_,V-2023,6,etoh,14,2ml etoh,yes,13,25,0.0042,0.0048,"head pigmentation, early 25",3.7,1.173,0.952
COACXCHIC-F1_V-2023_F6,birxmal_F1,COACXCHIC-F1_,V-2023,6,etoh,14,2ml etoh,yes,14,25,0.0041,0.0048,"head pigmentation, early 25",3.7,1.173,0.952
COACXCHIC-F1_V-2023_F7,birxmal_F1,COACXCHIC-F1_,V-2023,7,etoh,10,2ml etoh,yes,1,0,0.0041,0.0021,even lipid distribution,3.5,0.989,0.838
COACXCHIC-F1_V-2023_F7,birxmal_F1,COACXCHIC-F1_,V-2023,7,etoh,10,2ml etoh,yes,2,0,0.0037,0.0021,even lipid distribution,3.5,0.989,0.838
COACXCHIC-F1_V-2023_F7,birxmal_F1,COACXCHIC-F1_,V-2023,7,etoh,10,2ml etoh,yes,3,0,0.004,0.0021,even lipid distribution,3.5,0.989,0.838
COACXCHIC-F1_V-2023_F7,birxmal_F1,COACXCHIC-F1_,V-2023,7,etoh,10,2ml etoh,yes,4,0,0.0029,0.0021,even lipid distribution,3.5,0.989,0.838
COACXCHIC-F1_V-2023_F7,birxmal_F1,COACXCHIC-F1_,V-2023,7,etoh,10,2ml etoh,yes,5,0,0.0018,0.0021,even lipid distribution,3.5,0.989,0.838
COACXCHIC-F1_V-2023_F7,birxmal_F1,COACXCHIC-F1_,V-2023,7,etoh,10,2ml etoh,yes,6,0,0.0038,0.0021,even lipid distribution,3.5,0.989,0.838
COACXCHIC-F1_V-2023_F7,birxmal_F1,COACXCHIC-F1_,V-2023,7,etoh,10,2ml etoh,yes,7,0,0.0041,0.0021,even lipid distribution,3.5,0.989,0.838
COACXCHIC-F1_V-2023_F7,birxmal_F1,COACXCHIC-F1_,V-2023,7,etoh,10,2ml etoh,yes,8,0,0.004,0.0021,even lipid distribution,3.5,0.989,0.838
COACXCHIC-F1_V-2023_F7,birxmal_F1,COACXCHIC-F1_,V-2023,7,etoh,10,2ml etoh,yes,9,0,0.0034,0.0021,even lipid distribution,3.5,0.989,0.838
COACXCHIC-F1_V-2023_F7,birxmal_F1,COACXCHIC-F1_,V-2023,7,etoh,10,2ml etoh,yes,10,0,0.0044,0.0021,even lipid distribution,3.5,0.989,0.838
COACXCHIC-F1_V-2023_F8,birxmal_F1,COACXCHIC-F1_,V-2023,8,etoh,13,2ml etoh,yes,1,0,0.0041,0.0063,even lipid distribution,3.8,1.409,1.212
COACXCHIC-F1_V-2023_F8,birxmal_F1,COACXCHIC-F1_,V-2023,8,etoh,13,2ml etoh,yes,2,0,0.0041,0.0063,even lipid distribution,3.8,1.409,1.212
COACXCHIC-F1_V-2023_F8,birxmal_F1,COACXCHIC-F1_,V-2023,8,etoh,13,2ml etoh,yes,3,0,0.004,0.0063,even lipid distribution,3.8,1.409,1.212
COACXCHIC-F1_V-2023_F8,birxmal_F1,COACXCHIC-F1_,V-2023,8,etoh,13,2ml etoh,yes,4,0,0.0031,0.0063,even lipid distribution,3.8,1.409,1.212
COACXCHIC-F1_V-2023_F8,birxmal_F1,COACXCHIC-F1_,V-2023,8,etoh,13,2ml etoh,yes,5,0,0.0026,0.0063,even lipid distribution,3.8,1.409,1.212
COACXCHIC-F1_V-2023_F8,birxmal_F1,COACXCHIC-F1_,V-2023,8,etoh,13,2ml etoh,yes,6,0,0.003,0.0063,even lipid distribution,3.8,1.409,1.212
COACXCHIC-F1_V-2023_F8,birxmal_F1,COACXCHIC-F1_,V-2023,8,etoh,13,2ml etoh,yes,7,0,0.0041,0.0063,even lipid distribution,3.8,1.409,1.212
COACXCHIC-F1_V-2023_F8,birxmal_F1,COACXCHIC-F1_,V-2023,8,etoh,13,2ml etoh,yes,8,0,0.0029,0.0063,even lipid distribution,3.8,1.409,1.212
COACXCHIC-F1_V-2023_F8,birxmal_F1,COACXCHIC-F1_,V-2023,8,etoh,13,2ml etoh,yes,9,0,0.0035,0.0063,even lipid distribution,3.8,1.409,1.212
COACXCHIC-F1_V-2023_F8,birxmal_F1,COACXCHIC-F1_,V-2023,8,etoh,13,2ml etoh,yes,10,0,0.004,0.0063,even lipid distribution,3.8,1.409,1.212
COACXCHIC-F1_V-2023_F8,birxmal_F1,COACXCHIC-F1_,V-2023,8,etoh,13,2ml etoh,yes,11,0,0.0043,0.0063,even lipid distribution,3.8,1.409,1.212
COACXCHIC-F1_V-2023_F8,birxmal_F1,COACXCHIC-F1_,V-2023,8,etoh,13,2ml etoh,yes,12,0,0.0034,0.0063,even lipid distribution,3.8,1.409,1.212
COACXCHIC-F1_V-2023_F8,birxmal_F1,COACXCHIC-F1_,V-2023,8,etoh,13,2ml etoh,yes,13,0,0.0032,0.0063,even lipid distribution,3.8,1.409,1.212
COACXCHIC-F1_V-2023_F9,birxmal_F1,COACXCHIC-F1_,V-2023,9,etoh,20,2ml etoh,yes,1,15,0.0035,0.0039,faint eye pigmentation,3.7,1.27,1.013
COACXCHIC-F1_V-2023_F9,birxmal_F1,COACXCHIC-F1_,V-2023,9,etoh,20,2ml etoh,yes,2,15,0.0044,0.0039,faint eye pigmentation,3.7,1.27,1.013
COACXCHIC-F1_V-2023_F9,birxmal_F1,COACXCHIC-F1_,V-2023,9,etoh,20,2ml etoh,yes,3,5,0.0047,0.0039,nerula forming,3.7,1.27,1.013
COACXCHIC-F1_V-2023_F9,birxmal_F1,COACXCHIC-F1_,V-2023,9,etoh,20,2ml etoh,yes,4,15,0.0044,0.0039,faint eye pigmentation,3.7,1.27,1.013
COACXCHIC-F1_V-2023_F9,birxmal_F1,COACXCHIC-F1_,V-2023,9,etoh,20,2ml etoh,yes,5,10,0.0037,0.0039,optic cups present,3.7,1.27,1.013
COACXCHIC-F1_V-2023_F9,birxmal_F1,COACXCHIC-F1_,V-2023,9,etoh,20,2ml etoh,yes,6,20,0.0042,0.0039,eye pigmentation,3.7,1.27,1.013
COACXCHIC-F1_V-2023_F9,birxmal_F1,COACXCHIC-F1_,V-2023,9,etoh,20,2ml etoh,yes,7,5,0.0039,0.0039,nerula forming,3.7,1.27,1.013
COACXCHIC-F1_V-2023_F9,birxmal_F1,COACXCHIC-F1_,V-2023,9,etoh,20,2ml etoh,yes,8,5,0.0035,0.0039,nerula forming,3.7,1.27,1.013
COACXCHIC-F1_V-2023_F9,birxmal_F1,COACXCHIC-F1_,V-2023,9,etoh,20,2ml etoh,yes,9,15,0.0038,0.0039,faint eye pigmentation,3.7,1.27,1.013
COACXCHIC-F1_V-2023_F9,birxmal_F1,COACXCHIC-F1_,V-2023,9,etoh,20,2ml etoh,yes,10,20,0.0046,0.0039,eye pigmentation,3.7,1.27,1.013
COACXCHIC-F1_V-2023_F9,birxmal_F1,COACXCHIC-F1_,V-2023,9,etoh,20,2ml etoh,yes,11,15,0.0043,0.0039,faint eye pigmentation,3.7,1.27,1.013
COACXCHIC-F1_V-2023_F9,birxmal_F1,COACXCHIC-F1_,V-2023,9,etoh,20,2ml etoh,yes,12,5,0.0039,0.0039,nerula forming,3.7,1.27,1.013
COACXCHIC-F1_V-2023_F9,birxmal_F1,COACXCHIC-F1_,V-2023,9,etoh,20,2ml etoh,yes,13,20,0.0042,0.0039,eye pigmentation,3.7,1.27,1.013
COACXCHIC-F1_V-2023_F9,birxmal_F1,COACXCHIC-F1_,V-2023,9,etoh,20,2ml etoh,yes,14,20,0.0043,0.0039,eye pigmentation,3.7,1.27,1.013
COACXCHIC-F1_V-2023_F9,birxmal_F1,COACXCHIC-F1_,V-2023,9,etoh,20,2ml etoh,yes,15,15,0.0035,0.0039,faint eye pigmentation,3.7,1.27,1.013
COACXCHIC-F1_V-2023_F9,birxmal_F1,COACXCHIC-F1_,V-2023,9,etoh,20,2ml etoh,yes,16,20,0.0044,0.0039,eye pigmentation,3.7,1.27,1.013
COACXCHIC-F1_V-2023_F9,birxmal_F1,COACXCHIC-F1_,V-2023,9,etoh,20,2ml etoh,yes,17,15,0.004,0.0039,faint eye pigmentation,3.7,1.27,1.013
COACXCHIC-F1_V-2023_F9,birxmal_F1,COACXCHIC-F1_,V-2023,9,etoh,20,2ml etoh,yes,18,20,0.0041,0.0039,eye pigmentation,3.7,1.27,1.013
COACXCHIC-F1_V-2023_F9,birxmal_F1,COACXCHIC-F1_,V-2023,9,etoh,20,2ml etoh,yes,19,20,0.0044,0.0039,eye pigmentation,3.7,1.27,1.013
COACXCHIC-F1_V-2023_F9,birxmal_F1,COACXCHIC-F1_,V-2023,9,etoh,20,2ml etoh,yes,20,0,0.0035,0.0039,even lipid distribution,3.7,1.27,1.013